"ledger_id","entity_type","entity_id","original_classification","canonical_disposition","source_presence","policy_or_decision","approval_status","active_in_preview","stable_identifier_preserved","provenance_preserved","recommended_action","evidence","remaining_decision"
"CDL-0001","observation","2025-07-24-mrmqszjt","HUMAN_DECISION_REQUIRED","DEFER","git_history","POL-01","policy approval pending","no","yes","yes","Preserve in the evidence ledger; determine whether this historical Git record was published, superseded, or intentionally withdrawn.","sources=git_history; variants=1; referenced_media_present_or_none","Authority remains deferred."
"CDL-0002","observation","2026-06-05-mrmqc198","HUMAN_DECISION_REQUIRED","DEFER","git_history","POL-01","policy approval pending","no","yes","yes","Preserve in the evidence ledger; determine whether this historical Git record was published, superseded, or intentionally withdrawn.","sources=git_history; variants=1; referenced_media_present_or_none","Authority remains deferred."
"CDL-0003","observation","2026-07-07-53f8effa-ed4e-46a5-b0cd-993d3d5f93e2","RESTORE","RESTORE","git_history|release_archive_rc1","POL-06","policy approval pending","yes","yes","yes","Restore from the release/staging snapshot after confirming it represents an approved deployed or staging record.","sources=git_history|release_archive_rc1; variants=1; referenced_media_present_or_none",""
"CDL-0004","observation","2026-07-07-f428fb8b-b31e-430a-8f66-91d10b59b429","RESTORE","RESTORE","git_history|release_archive_rc1","POL-06","policy approval pending","yes","yes","yes","Restore from the release/staging snapshot after confirming it represents an approved deployed or staging record.","sources=git_history|release_archive_rc1; variants=1; referenced_media_present_or_none",""
"CDL-0005","observation","2026-07-13-brenda-blanket-flower","HUMAN_DECISION_REQUIRED","DEFER","git_history","POL-01","policy approval pending","no","yes","yes","Preserve in the evidence ledger; determine whether this historical Git record was published, superseded, or intentionally withdrawn.","sources=git_history; variants=1; referenced_media_present_or_none","Authority remains deferred."
"CDL-0006","observation","2026-07-13-mrjubzhc","HUMAN_DECISION_REQUIRED","DEFER","git_history","POL-01","policy approval pending","no","yes","yes","Preserve in the evidence ledger; determine whether this historical Git record was published, superseded, or intentionally withdrawn.","sources=git_history; variants=1; referenced_media_present_or_none","Authority remains deferred."
"CDL-0007","observation","2026-07-13-mrjuz62o","HUMAN_DECISION_REQUIRED","DEFER","git_history","POL-01","policy approval pending","no","yes","yes","Preserve in the evidence ledger; determine whether this historical Git record was published, superseded, or intentionally withdrawn.","sources=git_history; variants=1; referenced_media_present_or_none","Authority remains deferred."
"CDL-0008","observation","2026-07-13-mrjv1r5e","HUMAN_DECISION_REQUIRED","DEFER","git_history","POL-01","policy approval pending","no","yes","yes","Preserve in the evidence ledger; determine whether this historical Git record was published, superseded, or intentionally withdrawn.","sources=git_history; variants=1; referenced_media_present_or_none","Authority remains deferred."
"CDL-0009","observation","2026-07-13-mrjv4ib9","HUMAN_DECISION_REQUIRED","DEFER","git_history","POL-01","policy approval pending","no","yes","yes","Preserve in the evidence ledger; determine whether this historical Git record was published, superseded, or intentionally withdrawn.","sources=git_history; variants=1; referenced_media_present_or_none","Authority remains deferred."
"CDL-0010","observation","2026-07-13-mrjv66aa","HUMAN_DECISION_REQUIRED","DEFER","git_history","POL-01","policy approval pending","no","yes","yes","Preserve in the evidence ledger; determine whether this historical Git record was published, superseded, or intentionally withdrawn.","sources=git_history; variants=1; referenced_media_present_or_none","Authority remains deferred."
"CDL-0011","observation","2026-07-13-mrjvahjq","HUMAN_DECISION_REQUIRED","DEFER","git_history","POL-01","policy approval pending","no","yes","yes","Preserve in the evidence ledger; determine whether this historical Git record was published, superseded, or intentionally withdrawn.","sources=git_history; variants=1; referenced_media_present_or_none","Authority remains deferred."
"CDL-0012","observation","2026-07-13-mrjvkfnx","HUMAN_DECISION_REQUIRED","DEFER","git_history","POL-01","policy approval pending","no","yes","yes","Preserve in the evidence ledger; determine whether this historical Git record was published, superseded, or intentionally withdrawn.","sources=git_history; variants=1; referenced_media_present_or_none","Authority remains deferred."
"CDL-0013","observation","2026-07-13-mrjvlmsb","HUMAN_DECISION_REQUIRED","DEFER","git_history","POL-01","policy approval pending","no","yes","yes","Preserve in the evidence ledger; determine whether this historical Git record was published, superseded, or intentionally withdrawn.","sources=git_history; variants=1; referenced_media_present_or_none","Authority remains deferred."
"CDL-0014","observation","2026-07-13-mrjvnqpv","HUMAN_DECISION_REQUIRED","DEFER","git_history","POL-01","policy approval pending","no","yes","yes","Preserve in the evidence ledger; determine whether this historical Git record was published, superseded, or intentionally withdrawn.","sources=git_history; variants=1; referenced_media_present_or_none","Authority remains deferred."
"CDL-0015","observation","2026-07-13-mrjvpi34","HUMAN_DECISION_REQUIRED","DEFER","git_history","POL-01","policy approval pending","no","yes","yes","Preserve in the evidence ledger; determine whether this historical Git record was published, superseded, or intentionally withdrawn.","sources=git_history; variants=1; referenced_media_present_or_none","Authority remains deferred."
"CDL-0016","observation","2026-07-13-mrjvrhu1","HUMAN_DECISION_REQUIRED","DEFER","git_history","POL-01","policy approval pending","no","yes","yes","Preserve in the evidence ledger; determine whether this historical Git record was published, superseded, or intentionally withdrawn.","sources=git_history; variants=1; referenced_media_present_or_none","Authority remains deferred."
"CDL-0017","observation","2026-07-13-mrjvsbsd","HUMAN_DECISION_REQUIRED","DEFER","git_history","POL-01","policy approval pending","no","yes","yes","Preserve in the evidence ledger; determine whether this historical Git record was published, superseded, or intentionally withdrawn.","sources=git_history; variants=1; referenced_media_present_or_none","Authority remains deferred."
"CDL-0018","observation","2026-07-13-mrjvtdph","HUMAN_DECISION_REQUIRED","DEFER","git_history","POL-01","policy approval pending","no","yes","yes","Preserve in the evidence ledger; determine whether this historical Git record was published, superseded, or intentionally withdrawn.","sources=git_history; variants=1; referenced_media_present_or_none","Authority remains deferred."
"CDL-0019","observation","2026-07-13-mrjvut2e","HUMAN_DECISION_REQUIRED","DEFER","git_history","POL-01","policy approval pending","no","yes","yes","Preserve in the evidence ledger; determine whether this historical Git record was published, superseded, or intentionally withdrawn.","sources=git_history; variants=1; referenced_media_present_or_none","Authority remains deferred."
"CDL-0020","observation","2026-07-13-mrjvwl2h","HUMAN_DECISION_REQUIRED","DEFER","git_history","POL-01","policy approval pending","no","yes","yes","Preserve in the evidence ledger; determine whether this historical Git record was published, superseded, or intentionally withdrawn.","sources=git_history; variants=1; referenced_media_present_or_none","Authority remains deferred."
"CDL-0021","observation","2026-07-13-mrjvydb7","HUMAN_DECISION_REQUIRED","DEFER","git_history","POL-01","policy approval pending","no","yes","yes","Preserve in the evidence ledger; determine whether this historical Git record was published, superseded, or intentionally withdrawn.","sources=git_history; variants=1; referenced_media_present_or_none","Authority remains deferred."
"CDL-0022","observation","2026-07-13-mrjvyyvm","HUMAN_DECISION_REQUIRED","DEFER","git_history","POL-01","policy approval pending","no","yes","yes","Preserve in the evidence ledger; determine whether this historical Git record was published, superseded, or intentionally withdrawn.","sources=git_history; variants=1; referenced_media_present_or_none","Authority remains deferred."
"CDL-0023","observation","2026-07-13-mrmmemqj","HUMAN_DECISION_REQUIRED","DEFER","git_history","POL-01","policy approval pending","no","yes","yes","Preserve in the evidence ledger; determine whether this historical Git record was published, superseded, or intentionally withdrawn.","sources=git_history; variants=1; referenced_media_present_or_none","Authority remains deferred."
"CDL-0024","observation","2026-07-13-mrmor2tk","HUMAN_DECISION_REQUIRED","DEFER","git_history","POL-01","policy approval pending","no","yes","yes","Preserve in the evidence ledger; determine whether this historical Git record was published, superseded, or intentionally withdrawn.","sources=git_history; variants=1; referenced_media_present_or_none","Authority remains deferred."
"CDL-0025","observation","2026-07-14-mrjy1kxl","HUMAN_DECISION_REQUIRED","DEFER","git_history","POL-01","policy approval pending","no","yes","yes","Preserve in the evidence ledger; determine whether this historical Git record was published, superseded, or intentionally withdrawn.","sources=git_history; variants=1; referenced_media_present_or_none","Authority remains deferred."
"CDL-0026","observation","2026-07-14-mrjy2o1q","HUMAN_DECISION_REQUIRED","DEFER","git_history","POL-01","policy approval pending","no","yes","yes","Preserve in the evidence ledger; determine whether this historical Git record was published, superseded, or intentionally withdrawn.","sources=git_history; variants=1; referenced_media_present_or_none","Authority remains deferred."
"CDL-0027","observation","2026-07-14-mrjy6cso","HUMAN_DECISION_REQUIRED","DEFER","git_history","POL-01","policy approval pending","no","yes","yes","Preserve in the evidence ledger; determine whether this historical Git record was published, superseded, or intentionally withdrawn.","sources=git_history; variants=1; referenced_media_present_or_none","Authority remains deferred."
"CDL-0028","observation","2026-07-14-mrjy8qzr","HUMAN_DECISION_REQUIRED","DEFER","git_history","POL-01","policy approval pending","no","yes","yes","Preserve in the evidence ledger; determine whether this historical Git record was published, superseded, or intentionally withdrawn.","sources=git_history; variants=1; referenced_media_present_or_none","Authority remains deferred."
"CDL-0029","observation","2026-07-14-mrmlqfvx","HUMAN_DECISION_REQUIRED","DEFER","git_history","POL-01","policy approval pending","no","yes","yes","Preserve in the evidence ledger; determine whether this historical Git record was published, superseded, or intentionally withdrawn.","sources=git_history; variants=1; referenced_media_present_or_none","Authority remains deferred."
"CDL-0030","observation","2026-07-14-mrmmbbfd","HUMAN_DECISION_REQUIRED","DEFER","git_history","POL-01","policy approval pending","no","yes","yes","Preserve in the evidence ledger; determine whether this historical Git record was published, superseded, or intentionally withdrawn.","sources=git_history; variants=1; referenced_media_present_or_none","Authority remains deferred."
"CDL-0031","observation","2026-07-16-709f8a29-9426-45c7-8dee-0f9e37fabe01","RESTORE","RESTORE","git_history|release_archive_rc1","POL-06","policy approval pending","yes","yes","yes","Restore from the release/staging snapshot after confirming it represents an approved deployed or staging record.","sources=git_history|release_archive_rc1; variants=1; referenced_media_present_or_none",""
"CDL-0032","observation","2026-07-16-73e33b00-1c90-4738-9cbb-4a2f9ba1bca7","RESTORE","RESTORE","git_history|release_archive_rc1","POL-06","policy approval pending","yes","yes","yes","Restore from the release/staging snapshot after confirming it represents an approved deployed or staging record.","sources=git_history|release_archive_rc1; variants=1; referenced_media_present_or_none",""
"CDL-0033","observation","2026-07-16-b4dbde92-142d-4035-99d9-eb3d0c7e1100","RESTORE","RESTORE","git_history|release_archive_rc1","POL-06","policy approval pending","yes","yes","yes","Restore from the release/staging snapshot after confirming it represents an approved deployed or staging record.","sources=git_history|release_archive_rc1; variants=1; referenced_media_present_or_none",""
"CDL-0034","observation","2026-07-16-d065984b-5f19-4f64-8ead-9f2b3f0b6bc5","RESTORE","RESTORE","git_history|release_archive_rc1","POL-06","policy approval pending","yes","yes","yes","Restore from the release/staging snapshot after confirming it represents an approved deployed or staging record.","sources=git_history|release_archive_rc1; variants=1; referenced_media_present_or_none",""
"CDL-0035","observation","2026-07-16-e1d273bc-f68b-4483-a228-71d53d403b39","RESTORE","RESTORE","git_history|release_archive_rc1","POL-06","policy approval pending","yes","yes","yes","Restore from the release/staging snapshot after confirming it represents an approved deployed or staging record.","sources=git_history|release_archive_rc1; variants=1; referenced_media_present_or_none",""
"CDL-0036","observation","2026-07-16-e62c25eb-fc10-4c9a-9bf6-3e4f0aec01d3","RESTORE","KEEP","live_production|git_history|main|production_snapshot","baseline/existing","accepted baseline or no additional approval","yes","yes","yes","Restore the production/main record into the future candidate dataset without changing its ID.","sources=git_history|main|production_snapshot; variants=1; referenced_media_present_or_none",""
"CDL-0037","observation","2026-07-16-mrmulvpf","HUMAN_DECISION_REQUIRED","DEFER","git_history","POL-01","policy approval pending","no","yes","yes","Preserve in the evidence ledger; determine whether this historical Git record was published, superseded, or intentionally withdrawn.","sources=git_history; variants=1; referenced_media_present_or_none","Authority remains deferred."
"CDL-0038","observation","2026-07-16-mrmunxz8","HUMAN_DECISION_REQUIRED","DEFER","git_history","POL-01","policy approval pending","no","yes","yes","Preserve in the evidence ledger; determine whether this historical Git record was published, superseded, or intentionally withdrawn.","sources=git_history; variants=1; referenced_media_present_or_none","Authority remains deferred."
"CDL-0039","observation","2026-07-16-mrmuq2xt","HUMAN_DECISION_REQUIRED","DEFER","git_history","POL-01","policy approval pending","no","yes","yes","Preserve in the evidence ledger; determine whether this historical Git record was published, superseded, or intentionally withdrawn.","sources=git_history; variants=1; referenced_media_present_or_none","Authority remains deferred."
"CDL-0040","observation","2026-07-16-mrmvm6ld","HUMAN_DECISION_REQUIRED","DEFER","git_history","POL-01","policy approval pending","no","yes","yes","Preserve in the evidence ledger; determine whether this historical Git record was published, superseded, or intentionally withdrawn.","sources=git_history; variants=1; referenced_media_present_or_none","Authority remains deferred."
"CDL-0041","observation","2026-07-16-mro0d6ue","RESTORE","RESTORE","git_history|release_archive_rc1","POL-06","policy approval pending","yes","yes","yes","Restore from the release/staging snapshot after confirming it represents an approved deployed or staging record.","sources=git_history|release_archive_rc1; variants=1; referenced_media_present_or_none",""
"CDL-0042","observation","2026-07-17-3d3491fb-20a7-41fb-95cf-4883d3231e1b","RESTORE","RESTORE","git_history|release_archive_rc1","POL-06","policy approval pending","yes","yes","yes","Restore from the release/staging snapshot after confirming it represents an approved deployed or staging record.","sources=git_history|release_archive_rc1; variants=1; referenced_media_present_or_none",""
"CDL-0043","observation","2026-07-17-3fc7c311-0fba-4462-8928-64e84faf746a","MERGE","MERGE","git_history|release_archive_rc1","POL-08","disposition approved; exact fields pending","no","yes","yes","Compare field-level variants; preserve the stable ID and merge non-destructively after human review.","sources=git_history|release_archive_rc1; variants=2; referenced_media_present_or_none","Approve exact active values for conflicting fields."
"CDL-0044","observation","2026-07-17-564174fb-6e42-43be-8343-de4d2839bace","RESTORE","RESTORE","git_history|release_archive_rc1","POL-06","policy approval pending","yes","yes","yes","Restore from the release/staging snapshot after confirming it represents an approved deployed or staging record.","sources=git_history|release_archive_rc1; variants=1; referenced_media_present_or_none",""
"CDL-0045","observation","2026-07-17-99c2adc9-ad48-41aa-8fd3-a1b818ab802e","RESTORE","RESTORE","git_history|release_archive_rc1","POL-06","policy approval pending","yes","yes","yes","Restore from the release/staging snapshot after confirming it represents an approved deployed or staging record.","sources=git_history|release_archive_rc1; variants=1; referenced_media_present_or_none",""
"CDL-0046","observation","2026-07-17-de9ff3f1-0e55-40f7-9065-80d18e8eeec4","HUMAN_DECISION_REQUIRED","DEFER","git_history","POL-01","policy approval pending","no","yes","yes","Preserve in the evidence ledger; determine whether this historical Git record was published, superseded, or intentionally withdrawn.","sources=git_history; variants=1; referenced_media_present_or_none","Authority remains deferred."
"CDL-0047","observation","2026-07-17-f16abe2b-32bc-48a9-ac8f-b3937a29062b","RESTORE","RESTORE","git_history|release_archive_rc1","POL-06","policy approval pending","yes","yes","yes","Restore from the release/staging snapshot after confirming it represents an approved deployed or staging record.","sources=git_history|release_archive_rc1; variants=1; referenced_media_present_or_none",""
"CDL-0048","observation","2026-07-18-46f64ffe-5f34-40b9-9168-e15c81afcaf0","HUMAN_DECISION_REQUIRED","DEFER","git_history","POL-01","policy approval pending","no","yes","yes","Preserve in the evidence ledger; determine whether this historical Git record was published, superseded, or intentionally withdrawn.","sources=git_history; variants=1; referenced_media_present_or_none","Authority remains deferred."
"CDL-0049","observation","2026-07-18-49d5db03-6fae-49ec-8012-a8dbe6aaf409","RESTORE","KEEP","live_production|git_history|main|production_snapshot","baseline/existing","accepted baseline or no additional approval","yes","yes","yes","Restore the production/main record into the future candidate dataset without changing its ID.","sources=git_history|main|production_snapshot; variants=1; referenced_media_present_or_none",""
"CDL-0050","observation","2026-07-18-5c162e1c-5a0c-4056-be3e-75df42674e2b","HUMAN_DECISION_REQUIRED","DEFER","git_history","POL-01","policy approval pending","no","yes","yes","Preserve in the evidence ledger; determine whether this historical Git record was published, superseded, or intentionally withdrawn.","sources=git_history; variants=1; referenced_media_present_or_none","Authority remains deferred."
"CDL-0051","observation","2026-07-18-631b3667-2ef8-4386-9f10-8dc044e1d8bc","HUMAN_DECISION_REQUIRED","DEFER","git_history","POL-01","policy approval pending","no","yes","yes","Preserve in the evidence ledger; determine whether this historical Git record was published, superseded, or intentionally withdrawn.","sources=git_history; variants=1; referenced_media_present_or_none","Authority remains deferred."
"CDL-0052","observation","2026-07-18-7616b09d-9e28-46f7-85cf-e4f4c29deb2c","HUMAN_DECISION_REQUIRED","DEFER","git_history","POL-01","policy approval pending","no","yes","yes","Preserve in the evidence ledger; determine whether this historical Git record was published, superseded, or intentionally withdrawn.","sources=git_history; variants=1; referenced_media_present_or_none","Authority remains deferred."
"CDL-0053","observation","2026-07-18-9374b309-68c5-4729-a702-81b2309d8038","HUMAN_DECISION_REQUIRED","DEFER","git_history","POL-01","policy approval pending","no","yes","yes","Preserve in the evidence ledger; determine whether this historical Git record was published, superseded, or intentionally withdrawn.","sources=git_history; variants=1; referenced_media_present_or_none","Authority remains deferred."
"CDL-0054","observation","2026-07-18-ba83f3eb-aa68-4f4e-931b-2243be1f8cf2","MERGE","MERGE","git_history","POL-08","disposition approved; exact fields pending","no","yes","yes","Compare field-level variants; preserve the stable ID and merge non-destructively after human review.","sources=git_history; variants=2; referenced_media_present_or_none","Approve exact active values for conflicting fields."
"CDL-0055","observation","2026-07-18-ce732b0c-f86d-4ffb-a1f8-20de09984b50","HUMAN_DECISION_REQUIRED","DEFER","git_history","POL-01","policy approval pending","no","yes","yes","Preserve in the evidence ledger; determine whether this historical Git record was published, superseded, or intentionally withdrawn.","sources=git_history; variants=1; referenced_media_present_or_none","Authority remains deferred."
"CDL-0056","observation","2026-07-18-d5835b2f-070f-4f03-916a-9108fc4d5bdb","HUMAN_DECISION_REQUIRED","DEFER","git_history","POL-01","policy approval pending","no","yes","yes","Preserve in the evidence ledger; determine whether this historical Git record was published, superseded, or intentionally withdrawn.","sources=git_history; variants=1; referenced_media_present_or_none","Authority remains deferred."
"CDL-0057","observation","2026-07-18-db065ce5-2e37-4ed2-91b2-e7c859b4a344","MERGE","MERGE","git_history","POL-08","disposition approved; exact fields pending","no","yes","yes","Compare field-level variants; preserve the stable ID and merge non-destructively after human review.","sources=git_history; variants=2; referenced_media_present_or_none","Approve exact active values for conflicting fields."
"CDL-0058","observation","2026-07-19-088c03bb-8d21-4d7d-8421-aea34746281f","KEEP","KEEP","git_history|local_beta|remote_beta|staging_snapshot|worktree","baseline/existing","accepted baseline or no additional approval","yes","yes","yes","Retain this record and its ID; validate links during reconciliation.","sources=git_history|local_beta|remote_beta|staging_snapshot|worktree; variants=1; referenced_media_present_or_none",""
"CDL-0059","observation","2026-07-19-363e08d7-ad24-4d25-a74f-c409ff84c813","HUMAN_DECISION_REQUIRED","DEFER","git_history","POL-01","policy approval pending","no","yes","yes","Preserve in the evidence ledger; determine whether this historical Git record was published, superseded, or intentionally withdrawn.","sources=git_history; variants=1; referenced_media_present_or_none","Authority remains deferred."
"CDL-0060","observation","2026-07-19-dc4cd81a-e75d-42e7-9a2d-c573d043d7be","MERGE","MERGE","git_history|local_beta|remote_beta|staging_snapshot|worktree","POL-08","disposition approved; exact fields pending","no","yes","yes","Compare field-level variants; preserve the stable ID and merge non-destructively after human review.","sources=git_history|local_beta|remote_beta|staging_snapshot|worktree; variants=2; referenced_media_present_or_none","Approve exact active values for conflicting fields."
"CDL-0061","observation","2026-07-19-f5551322-1c76-4182-84b7-1a346f943025","KEEP","KEEP","git_history|local_beta|remote_beta|staging_snapshot|worktree","baseline/existing","accepted baseline or no additional approval","yes","yes","yes","Retain this record and its ID; validate links during reconciliation.","sources=git_history|local_beta|remote_beta|staging_snapshot|worktree; variants=1; referenced_media_present_or_none",""
"CDL-0062","observation","2026-07-19-ff30eb41-7e12-4171-9ed6-fabe04c8dde5","KEEP","KEEP","git_history|local_beta|remote_beta|staging_snapshot|worktree","baseline/existing","accepted baseline or no additional approval","yes","yes","yes","Retain this record and its ID; validate links during reconciliation.","sources=git_history|local_beta|remote_beta|staging_snapshot|worktree; variants=1; referenced_media_present_or_none",""
"CDL-0063","observation","2026-07-21-92011266-0d78-4c03-8986-7ed9e090e4b4","RESTORE","RESTORE","git_history|remote_beta","POL-06","policy approval pending","yes","yes","yes","Carry forward the recorded remote-beta record after staging review; preserve its ID.","sources=git_history|remote_beta; variants=1; missing_media=images/observations/2026/2026-07-21-92011266-0d78-4c03-8986-7ed9e090e4b4/garden-030f38a9-2cd3-4bc5-826f-5a136551235a-2.jpg|images/observations/2026/2026-07-21-92011266-0d78-4c03-8986-7ed9e090e4b4/garden-34dd2e94-42ea-4149-837d-7e6d5f7da2cf-7.jpg|images/observations/2026/2026-07-21-92011266-0d78-4c03-8986-7ed9e090e4b4/garden-7177b3e8-319a-4f8d-83b3-30574a66182b-4.jpg|images/observations/2026/2026-07-21-92011266-0d78-4c03-8986-7ed9e090e4b4/garden-8b22976d-7879-4f9b-94b9-996aa7a2d549-5.jpg|images/observations/2026/2026-07-21-92011266-0d78-4c03-8986-7ed9e090e4b4/garden-96b77f38-ab4b-4ba9-9190-622b7fe950f2-1.jpg|images/observations/2026/2026-07-21-92011266-0d78-4c03-8986-7ed9e090e4b4/garden-aa9c629a-3220-4b8c-8277-6543c3653a2b-3.jpg|images/observations/2026/2026-07-21-92011266-0d78-4c03-8986-7ed9e090e4b4/garden-f2bf660f-8bcf-4b8e-aa07-4d53382f75c7-6.jpg",""
"CDL-0064","observation","2026-07-21-de8aefa5-743d-49e0-b9fe-d08ed0bca074","RESTORE","RESTORE","git_history|remote_beta","POL-06","policy approval pending","yes","yes","yes","Carry forward the recorded remote-beta record after staging review; preserve its ID.","sources=git_history|remote_beta; variants=1; missing_media=images/observations/2026/2026-07-21-de8aefa5-743d-49e0-b9fe-d08ed0bca074/garden-01a31ae1-49b4-41a3-9e27-7b8e1df78576-6.jpg|images/observations/2026/2026-07-21-de8aefa5-743d-49e0-b9fe-d08ed0bca074/garden-481a95eb-952c-415b-a9cc-b63d29f4a0f9-7.jpg|images/observations/2026/2026-07-21-de8aefa5-743d-49e0-b9fe-d08ed0bca074/garden-6bf464d5-e8ad-4106-b824-f748e05743ac-4.jpg|images/observations/2026/2026-07-21-de8aefa5-743d-49e0-b9fe-d08ed0bca074/garden-71490035-e770-43de-b78a-b122baaa68df-9.jpg|images/observations/2026/2026-07-21-de8aefa5-743d-49e0-b9fe-d08ed0bca074/garden-bb2d2a92-503b-4fff-927e-e1ef2b4561aa-1.jpg|images/observations/2026/2026-07-21-de8aefa5-743d-49e0-b9fe-d08ed0bca074/garden-befa0525-a58f-48ba-8b68-29611888254a-5.jpg|images/observations/2026/2026-07-21-de8aefa5-743d-49e0-b9fe-d08ed0bca074/garden-c0e70664-add5-4c97-ac8d-fbf5a4216701-3.jpg|images/observations/2026/2026-07-21-de8aefa5-743d-49e0-b9fe-d08ed0bca074/garden-d3356a09-0d2f-4205-ba71-713788f1cc2c-8.jpg|images/observations/2026/2026-07-21-de8aefa5-743d-49e0-b9fe-d08ed0bca074/garden-d9994408-98e9-47b7-8972-8190b2547863-10.jpg|images/observations/2026/2026-07-21-de8aefa5-743d-49e0-b9fe-d08ed0bca074/garden-fad364a6-b156-48db-b89a-2165c032f827-2.jpg",""
"CDL-0065","modern_species","big-booty-judy","HUMAN_DECISION_REQUIRED","DEFER","git_history@3b2a4a34d0; git_history@dc1899e142; release_archive_rc1","POL-09 / DEC-2026-0006","deferred disposition approved","no","yes","yes","Preserve both records and decide whether the species record is a historical modeling error; do not rewrite either ID automatically.","variants=1; sources=git_history|release_archive_rc1","Activation remains deferred."
"CDL-0066","modern_species","broad-tailed-hummingbird","RESTORE","RESTORE","git_history@3b2a4a34d0; git_history@dc1899e142; release_archive_rc1","POL-07","policy approval pending","yes","yes","yes","Restore under the existing ID after confirming the most complete historical fields.","variants=1; sources=git_history|release_archive_rc1","Taxonomy field confirmation and POL-07 approval."
"CDL-0067","modern_species","large-bee-probable-carpenter-or-bumble-bee","KEEP","KEEP","git_history@21494c2aee; git_history@b83e2c1514; git_history@ce7f61e666; git_history@dc9ab03c57; git_history@e85e6ebe01; local_beta; remote_beta; staging_snapshot; worktree","existing","existing evidence record","yes","yes","yes","Retain the ID and record; validate observation and resident links.","variants=1; sources=git_history|local_beta|remote_beta|staging_snapshot|worktree",""
"CDL-0068","modern_species","leafcutter-bee","RESTORE","RESTORE","git_history@3b2a4a34d0; git_history@dc1899e142; release_archive_rc1","POL-07","policy approval pending","yes","yes","yes","Restore under the existing ID after confirming the most complete historical fields.","variants=1; sources=git_history|release_archive_rc1","Taxonomy field confirmation and POL-07 approval."
"CDL-0069","modern_species","leafcutter-bee-megachilidae","HUMAN_DECISION_REQUIRED","DEFER","git_history@3b2a4a34d0","POL-10 / DEC-2026-0007","deferred disposition approved","no","yes","yes","Retain in the evidence ledger pending taxonomy and release-history review.","variants=1; sources=git_history","Activation remains deferred."
"CDL-0070","modern_species","longhorn-beetle-or-similar-flower-visiting-beetle","KEEP","KEEP","git_history@21494c2aee; git_history@aa83df6d80; git_history@b83e2c1514; git_history@ce7f61e666; git_history@dc9ab03c57; git_history@e85e6ebe01; local_beta; remote_beta; staging_snapshot; worktree","existing","existing evidence record","yes","yes","yes","Retain the ID and record; validate observation and resident links.","variants=1; sources=git_history|local_beta|remote_beta|staging_snapshot|worktree",""
"CDL-0071","modern_species","small-bee-likely-a-native-solitary-bee-or-small-generalist-bee","KEEP","KEEP","git_history@21494c2aee; git_history@aa83df6d80; git_history@b83e2c1514; git_history@ce7f61e666; git_history@dc9ab03c57; git_history@e85e6ebe01; local_beta; remote_beta; staging_snapshot; worktree","existing","existing evidence record","yes","yes","yes","Retain the ID and record; validate observation and resident links.","variants=1; sources=git_history|local_beta|remote_beta|staging_snapshot|worktree",""
"CDL-0072","modern_species","thread-waisted-wasp-likely-genus-ammophila-or-related","KEEP","KEEP","git_history@21494c2aee; git_history@ce7f61e666; git_history@dc9ab03c57; local_beta; remote_beta; staging_snapshot; worktree","existing","existing evidence record","yes","yes","yes","Retain the ID and record; validate observation and resident links.","variants=1; sources=git_history|local_beta|remote_beta|staging_snapshot|worktree",""
"CDL-0073","modern_species","toad-unresolved","RESTORE","RESTORE","git_history@3b2a4a34d0; git_history@dc1899e142; release_archive_rc1","POL-07","policy approval pending","yes","yes","yes","Restore under the existing ID after confirming the most complete historical fields.","variants=1; sources=git_history|release_archive_rc1","Taxonomy field confirmation and POL-07 approval."
"CDL-0074","modern_species","white-lined-sphinx","RESTORE","RESTORE","git_history@3b2a4a34d0; git_history@dc1899e142; release_archive_rc1","POL-07","policy approval pending","yes","yes","yes","Restore under the existing ID after confirming the most complete historical fields.","variants=1; sources=git_history|release_archive_rc1","Taxonomy field confirmation and POL-07 approval."
"CDL-0075","named_resident","beth","MERGE","MERGE","live_production; main; local_beta; release_archive_rc1; remote_beta; worktree","resident mapping review","field review pending","baseline_only","yes","yes","Preserve production baseline and merge only approved additive fields.","variants=2; conflicting_fields=speciesId","Approve exact resident mapping field merge."
"CDL-0076","named_resident","brenda","MERGE","MERGE","live_production; main; local_beta; release_archive_rc1; remote_beta; worktree","resident mapping review","field review pending","baseline_only","yes","yes","Preserve production baseline and merge only approved additive fields.","variants=2; conflicting_fields=speciesId","Approve exact resident mapping field merge."
"CDL-0077","named_resident","little-head-todd","MERGE","MERGE","live_production; main; local_beta; release_archive_rc1; remote_beta; worktree","resident mapping review","field review pending","baseline_only","yes","yes","Preserve production baseline and merge only approved additive fields.","variants=2; conflicting_fields=speciesId","Approve exact resident mapping field merge."
"CDL-0078","named_resident","big-booty-judy","MERGE","MERGE","live_production; main; local_beta; release_archive_rc1; remote_beta; worktree","resident mapping review","field review pending","baseline_only","yes","yes","Preserve production baseline and merge only approved additive fields.","variants=2; conflicting_fields=speciesId","Approve exact resident mapping field merge."
"CDL-0079","plant","27","production_baseline","KEEP","live_production:data.js:window.PLANTS","accepted production baseline","accepted baseline","yes","yes","yes","Retain exact production record and stable plant number.","sha256=c3b6f96ee893a83b5e4f4e92afe4039d818b098eac17498f405415e3978992c9",""
"CDL-0080","plant","2","production_baseline","KEEP","live_production:data.js:window.PLANTS","accepted production baseline","accepted baseline","yes","yes","yes","Retain exact production record and stable plant number.","sha256=39263077ab37f8a6d11aee6950cddf414f8f6f0b451d79002ed48837dbdeca1e",""
"CDL-0081","plant","4","production_baseline","KEEP","live_production:data.js:window.PLANTS","accepted production baseline","accepted baseline","yes","yes","yes","Retain exact production record and stable plant number.","sha256=6f1adc77a80aac600032937895fe300d5169941d3984e141ac9ea98301cab72c",""
"CDL-0082","plant","5","production_baseline","KEEP","live_production:data.js:window.PLANTS","accepted production baseline","accepted baseline","yes","yes","yes","Retain exact production record and stable plant number.","sha256=f233f8354c1d2054204db44b3843935c961f0e0e1a79295dde7bef7d930788e1",""
"CDL-0083","plant","8","production_baseline","KEEP","live_production:data.js:window.PLANTS","accepted production baseline","accepted baseline","yes","yes","yes","Retain exact production record and stable plant number.","sha256=1942a1a05c702ceee5f1a77f61f128bda5ccf4bf0c46d2f3fbb5f903fe7f5071",""
"CDL-0084","plant","9","production_baseline","KEEP","live_production:data.js:window.PLANTS","accepted production baseline","accepted baseline","yes","yes","yes","Retain exact production record and stable plant number.","sha256=152223bc01399fcbcfddd0da4d4417f48ec62609fc9a2e2aafbf12ccf07dfc4d",""
"CDL-0085","plant","10","production_baseline","KEEP","live_production:data.js:window.PLANTS","accepted production baseline","accepted baseline","yes","yes","yes","Retain exact production record and stable plant number.","sha256=f7eeb36d397205a164232aec72b31673bded0bc2040a9e4edaf6cd19cedf633c",""
"CDL-0086","plant","11","production_baseline","KEEP","live_production:data.js:window.PLANTS","accepted production baseline","accepted baseline","yes","yes","yes","Retain exact production record and stable plant number.","sha256=eb48d176b9b0f8e55aae6c250b9ba4aa9d4a172e0211526cc2f147826b187a31",""
"CDL-0087","plant","12","production_baseline","KEEP","live_production:data.js:window.PLANTS","accepted production baseline","accepted baseline","yes","yes","yes","Retain exact production record and stable plant number.","sha256=2a41a1f22d8d99561e4098dedc9ef083ccef5df9f8004bc58d8b395531d656f8",""
"CDL-0088","plant","15","production_baseline","KEEP","live_production:data.js:window.PLANTS","accepted production baseline","accepted baseline","yes","yes","yes","Retain exact production record and stable plant number.","sha256=633959d4aed88b4833476c63584e3d9ea82649af86f8513a41803629fa44be3d",""
"CDL-0089","plant","17","production_baseline","KEEP","live_production:data.js:window.PLANTS","accepted production baseline","accepted baseline","yes","yes","yes","Retain exact production record and stable plant number.","sha256=e9fbdfaf55224e498239f230c7a5105a2ebc8d9ed8e2593b9340fa934d8776a0",""
"CDL-0090","plant","19","production_baseline","KEEP","live_production:data.js:window.PLANTS","accepted production baseline","accepted baseline","yes","yes","yes","Retain exact production record and stable plant number.","sha256=ec9d3c728de65a213d2aca444268a3bdb176f7f20f403e582f27c932a31c6a51",""
"CDL-0091","plant","20","production_baseline","KEEP","live_production:data.js:window.PLANTS","accepted production baseline","accepted baseline","yes","yes","yes","Retain exact production record and stable plant number.","sha256=f72b5e68169a9e5b6428ab0f4e8de1660363d381035a9806158eea3c3483b93e",""
"CDL-0092","plant","21","production_baseline","KEEP","live_production:data.js:window.PLANTS","accepted production baseline","accepted baseline","yes","yes","yes","Retain exact production record and stable plant number.","sha256=3c6d3e31e053eed58d456cb9f250ca22fac814705979bb3e630a3ded46836456",""
"CDL-0093","plant","22","production_baseline","KEEP","live_production:data.js:window.PLANTS","accepted production baseline","accepted baseline","yes","yes","yes","Retain exact production record and stable plant number.","sha256=1aa3657db5292e3c7e43f99fc193ae8017c76d76c118d0fda5f72d07b19373bd",""
"CDL-0094","plant","23","production_baseline","KEEP","live_production:data.js:window.PLANTS","accepted production baseline","accepted baseline","yes","yes","yes","Retain exact production record and stable plant number.","sha256=112d6798e6022897485862b96c04510cdd1f21bb953321da5f4f0f6924d51cb3",""
"CDL-0095","plant","24","production_baseline","KEEP","live_production:data.js:window.PLANTS","accepted production baseline","accepted baseline","yes","yes","yes","Retain exact production record and stable plant number.","sha256=1c0c2eb680280da6f5706273c8203c51bafb2a6c21423d4b5dd55502b922608f",""
"CDL-0096","plant","25","production_baseline","KEEP","live_production:data.js:window.PLANTS","accepted production baseline","accepted baseline","yes","yes","yes","Retain exact production record and stable plant number.","sha256=5101431edd41db84ff39a7a293b111e47a9e86a02cc1fe94e9557be7d18eacd0",""
"CDL-0097","plant","26","production_baseline","KEEP","live_production:data.js:window.PLANTS","accepted production baseline","accepted baseline","yes","yes","yes","Retain exact production record and stable plant number.","sha256=59d03ee6dae3ece0570e6a38bd6bef9b3194a851db2c22e272e93a7ab80bbc08",""
"CDL-0098","plant","28","production_baseline","KEEP","live_production:data.js:window.PLANTS","accepted production baseline","accepted baseline","yes","yes","yes","Retain exact production record and stable plant number.","sha256=a7c01e02d62dcdd13520206b01ed9d018480251d00f2324aaf0839b5d80b961b",""
"CDL-0099","plant","29","production_baseline","KEEP","live_production:data.js:window.PLANTS","accepted production baseline","accepted baseline","yes","yes","yes","Retain exact production record and stable plant number.","sha256=380e599dbec393d3b5edb557b9cf6972730703f090daec22b35bb3bd00b9267c",""
"CDL-0100","plant","30","production_baseline","KEEP","live_production:data.js:window.PLANTS","accepted production baseline","accepted baseline","yes","yes","yes","Retain exact production record and stable plant number.","sha256=9bf9c7ff49d1477fcb289df11b0e55a0bf6bbcb0ec3ce4f0889fbd00a0257e34",""
"CDL-0101","plant","31","production_baseline","KEEP","live_production:data.js:window.PLANTS","accepted production baseline","accepted baseline","yes","yes","yes","Retain exact production record and stable plant number.","sha256=0a9e2fe29b81ec77e1f3a255dc2e9631319d468df07db21da5696a40c3e6c6d8",""
"CDL-0102","plant","32","production_baseline","KEEP","live_production:data.js:window.PLANTS","accepted production baseline","accepted baseline","yes","yes","yes","Retain exact production record and stable plant number.","sha256=22a1647a4222ffb56da11ba8d00fbe1c1dde73080d0d6e1523028822f47143a3",""
"CDL-0103","plant","33","production_baseline","KEEP","live_production:data.js:window.PLANTS","accepted production baseline","accepted baseline","yes","yes","yes","Retain exact production record and stable plant number.","sha256=d23377196f3477b1e27057f65bd4bdd9b50d00cb5533d7d0a8fb422ff90c123b",""
"CDL-0104","plant","34","production_baseline","KEEP","live_production:data.js:window.PLANTS","accepted production baseline","accepted baseline","yes","yes","yes","Retain exact production record and stable plant number.","sha256=b094d3c9d92fbfaeaa8bf47382dc9c6f0d30698a54f8d713a5ce49f397742ee5",""
"CDL-0105","plant","35","production_baseline","KEEP","live_production:data.js:window.PLANTS","accepted production baseline","accepted baseline","yes","yes","yes","Retain exact production record and stable plant number.","sha256=8b22c922f4e0e9dad6ef8f86f2d3779c276093064f62b88e7a3b4f1414912452",""
"CDL-0106","plant","37","production_baseline","KEEP","live_production:data.js:window.PLANTS","accepted production baseline","accepted baseline","yes","yes","yes","Retain exact production record and stable plant number.","sha256=61b384bbcad1f7079e16668a0c4c4bdcf1dc4a1b3330edcfe7a8337888b058d8",""
"CDL-0107","plant","38","production_baseline","KEEP","live_production:data.js:window.PLANTS","accepted production baseline","accepted baseline","yes","yes","yes","Retain exact production record and stable plant number.","sha256=c92012a140f1618561eb4305916aebebec5d449a1e43bc89c3a2507d13e6fcc4",""
"CDL-0108","plant","39","production_baseline","KEEP","live_production:data.js:window.PLANTS","accepted production baseline","accepted baseline","yes","yes","yes","Retain exact production record and stable plant number.","sha256=eea9f827600bd7a40e810ed89bf01e051c3b9754c0187bd7d0c6284a31097fc1",""
"CDL-0109","plant","40","production_baseline","KEEP","live_production:data.js:window.PLANTS","accepted production baseline","accepted baseline","yes","yes","yes","Retain exact production record and stable plant number.","sha256=a5c70b2db374998b21859bf0e76e6cdca3a6072ed4b1244528acebb82c16a86c",""
"CDL-0110","plant","41","production_baseline","KEEP","live_production:data.js:window.PLANTS","accepted production baseline","accepted baseline","yes","yes","yes","Retain exact production record and stable plant number.","sha256=8bd7297ca3abfd3dae69bf51d05e0b2d70b2d37287d395421ef4a5feb32dc80f",""
"CDL-0111","plant","44","production_baseline","KEEP","live_production:data.js:window.PLANTS","accepted production baseline","accepted baseline","yes","yes","yes","Retain exact production record and stable plant number.","sha256=df20a3388f56ab8fa06dd4d96370c57e31c71ee0c3b081c2937ce2a2e44a620e",""
"CDL-0112","plant","47","production_baseline","KEEP","live_production:data.js:window.PLANTS","accepted production baseline","accepted baseline","yes","yes","yes","Retain exact production record and stable plant number.","sha256=12448943de092afebd08eef295cfcc0d0f838289779d8b424803ae93fba43a94",""
"CDL-0113","plant","49","production_baseline","KEEP","live_production:data.js:window.PLANTS","accepted production baseline","accepted baseline","yes","yes","yes","Retain exact production record and stable plant number.","sha256=63159d431aa4997d384f7ca57611d15edd09370e61582656448d70446929ba27",""
"CDL-0114","plant","50","production_baseline","KEEP","live_production:data.js:window.PLANTS","accepted production baseline","accepted baseline","yes","yes","yes","Retain exact production record and stable plant number.","sha256=97eba215ca2e578d3eddce18ae6db91df7dc25dff1f8a573d3be80529857b9da",""
"CDL-0115","plant","51","production_baseline","KEEP","live_production:data.js:window.PLANTS","accepted production baseline","accepted baseline","yes","yes","yes","Retain exact production record and stable plant number.","sha256=b4bf4d405c3a21f62dc0ff972cc47a8c14bf21e4d7aa8adf354b91c5307c8fa7",""
"CDL-0116","plant","58","production_baseline","KEEP","live_production:data.js:window.PLANTS","accepted production baseline","accepted baseline","yes","yes","yes","Retain exact production record and stable plant number.","sha256=070b40f7b73089de43c0d6274ce77afb46fc93cfa4f121bcfd4d99bba003cd03",""
"CDL-0117","plant","59","production_baseline","KEEP","live_production:data.js:window.PLANTS","accepted production baseline","accepted baseline","yes","yes","yes","Retain exact production record and stable plant number.","sha256=3b4d99dd0c68eee108f082fca91d6ed412f2b8e0dab28cacbf30be23a0d9ddaa",""
"CDL-0118","plant","60","production_baseline","KEEP","live_production:data.js:window.PLANTS","accepted production baseline","accepted baseline","yes","yes","yes","Retain exact production record and stable plant number.","sha256=989baa1d9d0fc450eece2029df99283686a8714660080fed8a1e6b38f4d5629e",""
"CDL-0119","plant","61","production_baseline","KEEP","live_production:data.js:window.PLANTS","accepted production baseline","accepted baseline","yes","yes","yes","Retain exact production record and stable plant number.","sha256=7b3408e49cf0b1ef0c9e4e8acf616b63851fc13d3ae8beaa05b4b82b3e6b844e",""
"CDL-0120","plant","62","production_baseline","KEEP","live_production:data.js:window.PLANTS","accepted production baseline","accepted baseline","yes","yes","yes","Retain exact production record and stable plant number.","sha256=defdcd13e27be7e9c2bdf3ed6fc1c591f8abee7f0cd7d5db880617593fe1128f",""
"CDL-0121","plant","63","production_baseline","KEEP","live_production:data.js:window.PLANTS","accepted production baseline","accepted baseline","yes","yes","yes","Retain exact production record and stable plant number.","sha256=6fc48ee9cc1cdaea284fa5a652455969cc281e7ce04e62dce2e4f98d4dee3881",""
"CDL-0122","plant","71","production_baseline","KEEP","live_production:data.js:window.PLANTS","accepted production baseline","accepted baseline","yes","yes","yes","Retain exact production record and stable plant number.","sha256=b508a9fe33e161c3b82d02732954ee36dc8bcef52a2b49a03aac828df5886497",""
"CDL-0123","plant","72","production_baseline","KEEP","live_production:data.js:window.PLANTS","accepted production baseline","accepted baseline","yes","yes","yes","Retain exact production record and stable plant number.","sha256=c2e050155fd51d6a3e4238ee9e85efc8d542fe2c13ab4ef0218a412e2a5cd8b0",""
"CDL-0124","legacy_visitor","brenda","production_baseline","KEEP","live_production:data.js:window.VISITORS","accepted legacy production model","accepted baseline","yes","yes","yes","Retain as legacy wildlife; do not equate with modern species.","sha256=f0a6a3786b5bd6d4ee50aa606e6b6571709569d8e9a9b17d1f26bdf55cc42c5c",""
"CDL-0125","legacy_visitor","big-booty-judy","production_baseline","KEEP","live_production:data.js:window.VISITORS","accepted legacy production model","accepted baseline","yes","yes","yes","Retain as legacy wildlife; do not equate with modern species.","sha256=08f4eaa1ed7bac3b1e0b507d61f636b95d0ab256d7a89547f993eb0d4e0bb8e9",""
"CDL-0126","legacy_visitor","broad-tailed-hummingbird","production_baseline","KEEP","live_production:data.js:window.VISITORS","accepted legacy production model","accepted baseline","yes","yes","yes","Retain as legacy wildlife; do not equate with modern species.","sha256=e16e9e963de79680084575b9eb566c1a9dba30d9f88e4985b7174231a7885c9c",""
"CDL-0127","legacy_visitor","white-lined-sphinx","production_baseline","KEEP","live_production:data.js:window.VISITORS","accepted legacy production model","accepted baseline","yes","yes","yes","Retain as legacy wildlife; do not equate with modern species.","sha256=7632d9324a569ead720193b965707e0c346386bb85b3612276c94472f0d578be",""
"CDL-0128","media_manifest_key","hero","production_baseline","MERGE","live_production; worktree","media manifest field review","exact field review pending","baseline_only","yes","yes","Keep the production value active and preserve the repository variant until an additive merge is approved.","production_sha256=5c3825c165c87da8661004502a24a40170cc9b5d6f1afe1bc294822f4d8a0010; repository_sha256=bf0a5cc9fedf5e2c5e5ca8573d69c2294cd66b52a0548a7da71f4bf4bab18f9c","Approve exact media-manifest field merge."
"CDL-0129","media_manifest_key","plants","production_baseline","MERGE","live_production; worktree","media manifest field review","exact field review pending","baseline_only","yes","yes","Keep the production value active and preserve the repository variant until an additive merge is approved.","production_sha256=15aa29c66e9e0856bce194f5288dcdea87a349a92a7fc2eed264c87fbf66339f; repository_sha256=c6296b80e6eafbfd3ffeee9a3b549cd86407996bb73e95569880ec11c5fe015c","Approve exact media-manifest field merge."
"CDL-0130","media_manifest_key","wildlife","production_baseline","KEEP","live_production; worktree identical","media manifest field review","accepted baseline","yes","yes","yes","Retain the identical deployed value.","production_sha256=8b84546dd93a953e252a1eebf24e18999a74c1059f4f44e139d74316c201b173; repository_sha256=8b84546dd93a953e252a1eebf24e18999a74c1059f4f44e139d74316c201b173",""
"CDL-0131","media_asset","images/maps/front-aerial-measured.jpg","HUMAN_DECISION_REQUIRED","DEFER","repository media library; candidates=","POL-04","policy approval pending","no","yes","yes","Classify as unlinked evidence; preserve in place and investigate folder/date/EXIF context. Do not delete.","repository path=images/maps/front-aerial-measured.jpg; unique-by-sha256","Linkage remains deferred."
"CDL-0132","media_asset","images/maps/front-east-numbered.jpg","HUMAN_DECISION_REQUIRED","DEFER","repository media library; candidates=","POL-04","policy approval pending","no","yes","yes","Classify as unlinked evidence; preserve in place and investigate folder/date/EXIF context. Do not delete.","repository path=images/maps/front-east-numbered.jpg; unique-by-sha256","Linkage remains deferred."
"CDL-0133","media_asset","images/maps/front-landscape-plan.jpg","HUMAN_DECISION_REQUIRED","DEFER","repository media library; candidates=","POL-04","policy approval pending","no","yes","yes","Classify as unlinked evidence; preserve in place and investigate folder/date/EXIF context. Do not delete.","repository path=images/maps/front-landscape-plan.jpg; unique-by-sha256","Linkage remains deferred."
"CDL-0134","media_asset","images/maps/front-west-numbered.jpg","HUMAN_DECISION_REQUIRED","DEFER","repository media library; candidates=","POL-04","policy approval pending","no","yes","yes","Classify as unlinked evidence; preserve in place and investigate folder/date/EXIF context. Do not delete.","repository path=images/maps/front-west-numbered.jpg; unique-by-sha256","Linkage remains deferred."
"CDL-0135","media_asset","images/objects/feature-birdbath/hero.jpg","HUMAN_DECISION_REQUIRED","DEFER","repository media library; candidates=","POL-04","policy approval pending","no","yes","yes","Classify as unlinked evidence; preserve in place and investigate folder/date/EXIF context. Do not delete.","repository path=images/objects/feature-birdbath/hero.jpg; DUP-001 (2 byte-identical files; sha256 7bfc2cecd1ea)","Linkage remains deferred."
"CDL-0136","media_asset","images/observations/2025/2025-07-24-mrmqszjt/photo-1-jpg.jpg","RESTORE","RESTORE","repository media library; candidates=2025-07-24-mrmqszjt","POL-02","policy approval pending","yes","yes","yes","Retain in place and restore/link only with its reconciled historical observation; do not rename.","observation tree year=2025; folder=2025-07-24-mrmqszjt; unique-by-sha256",""
"CDL-0137","media_asset","images/observations/2026/2026-06-05-mrmqc198/photo-1-jpg.jpg","RESTORE","RESTORE","repository media library; candidates=2026-06-05-mrmqc198","POL-02","policy approval pending","yes","yes","yes","Retain in place and restore/link only with its reconciled historical observation; do not rename.","observation tree year=2026; folder=2026-06-05-mrmqc198; unique-by-sha256",""
"CDL-0138","media_asset","images/observations/2026/2026-06-05-mrmqc198/photo-2-jpg.jpg","RESTORE","RESTORE","repository media library; candidates=2026-06-05-mrmqc198","POL-02","policy approval pending","yes","yes","yes","Retain in place and restore/link only with its reconciled historical observation; do not rename.","observation tree year=2026; folder=2026-06-05-mrmqc198; unique-by-sha256",""
"CDL-0139","media_asset","images/observations/2026/2026-07-07-53f8effa-ed4e-46a5-b0cd-993d3d5f93e2/garden-6a939aac-d287-429c-bb81-7906ae2b3d15-1.jpg","RESTORE","RESTORE","repository media library; candidates=2026-07-07-53f8effa-ed4e-46a5-b0cd-993d3d5f93e2","POL-02","policy approval pending","yes","yes","yes","Retain in place and restore/link only with its reconciled historical observation; do not rename.","observation tree year=2026; folder=2026-07-07-53f8effa-ed4e-46a5-b0cd-993d3d5f93e2; DUP-002 (3 byte-identical files; sha256 df185f747067)",""
"CDL-0140","media_asset","images/observations/2026/2026-07-13-mrjuz62o/2026-07-13-01-jpg.jpg","RESTORE","RESTORE","repository media library; candidates=2026-07-13-mrjuz62o","POL-02","policy approval pending","yes","yes","yes","Retain in place and restore/link only with its reconciled historical observation; do not rename.","observation tree year=2026; folder=2026-07-13-mrjuz62o; unique-by-sha256",""
"CDL-0141","media_asset","images/observations/2026/2026-07-13-mrjv1r5e/2026-07-13-01-jpg.jpg","RESTORE","RESTORE","repository media library; candidates=2026-07-13-mrjv1r5e","POL-02","policy approval pending","yes","yes","yes","Retain in place and restore/link only with its reconciled historical observation; do not rename.","observation tree year=2026; folder=2026-07-13-mrjv1r5e; unique-by-sha256",""
"CDL-0142","media_asset","images/observations/2026/2026-07-13-mrjv4ib9/2026-07-13-01-jpg.jpg","RESTORE","RESTORE","repository media library; candidates=2026-07-13-mrjv4ib9","POL-02","policy approval pending","yes","yes","yes","Retain in place and restore/link only with its reconciled historical observation; do not rename.","observation tree year=2026; folder=2026-07-13-mrjv4ib9; DUP-003 (2 byte-identical files; sha256 12ac6e68b857)",""
"CDL-0143","media_asset","images/observations/2026/2026-07-13-mrjv66aa/2026-07-13-01-jpg.jpg","RESTORE","RESTORE","repository media library; candidates=2026-07-13-mrjv66aa","POL-02","policy approval pending","yes","yes","yes","Retain in place and restore/link only with its reconciled historical observation; do not rename.","observation tree year=2026; folder=2026-07-13-mrjv66aa; DUP-004 (2 byte-identical files; sha256 1f72bc90f401)",""
"CDL-0144","media_asset","images/observations/2026/2026-07-13-mrjvahjq/2026-07-13-01-jpg.jpg","RESTORE","RESTORE","repository media library; candidates=2026-07-13-mrjvahjq","POL-02","policy approval pending","yes","yes","yes","Retain in place and restore/link only with its reconciled historical observation; do not rename.","observation tree year=2026; folder=2026-07-13-mrjvahjq; unique-by-sha256",""
"CDL-0145","media_asset","images/observations/2026/2026-07-13-mrjvkfnx/2026-07-13-01-jpg.jpg","RESTORE","RESTORE","repository media library; candidates=2026-07-13-mrjvkfnx","POL-02","policy approval pending","yes","yes","yes","Retain in place and restore/link only with its reconciled historical observation; do not rename.","observation tree year=2026; folder=2026-07-13-mrjvkfnx; unique-by-sha256",""
"CDL-0146","media_asset","images/observations/2026/2026-07-13-mrjvlmsb/2026-07-13-01-jpg.jpg","RESTORE","RESTORE","repository media library; candidates=2026-07-13-mrjvlmsb","POL-02","policy approval pending","yes","yes","yes","Retain in place and restore/link only with its reconciled historical observation; do not rename.","observation tree year=2026; folder=2026-07-13-mrjvlmsb; unique-by-sha256",""
"CDL-0147","media_asset","images/observations/2026/2026-07-13-mrjvnqpv/2026-07-13-01-jpg.jpg","RESTORE","RESTORE","repository media library; candidates=2026-07-13-mrjvnqpv","POL-02","policy approval pending","yes","yes","yes","Retain in place and restore/link only with its reconciled historical observation; do not rename.","observation tree year=2026; folder=2026-07-13-mrjvnqpv; DUP-005 (2 byte-identical files; sha256 3a1502e9250e)",""
"CDL-0148","media_asset","images/observations/2026/2026-07-13-mrjvpi34/2026-07-13-01-jpg.jpg","RESTORE","RESTORE","repository media library; candidates=2026-07-13-mrjvpi34","POL-02","policy approval pending","yes","yes","yes","Retain in place and restore/link only with its reconciled historical observation; do not rename.","observation tree year=2026; folder=2026-07-13-mrjvpi34; DUP-006 (2 byte-identical files; sha256 028ae168fc22)",""
"CDL-0149","media_asset","images/observations/2026/2026-07-13-mrjvrhu1/2026-07-13-01-jpg.jpg","RESTORE","RESTORE","repository media library; candidates=2026-07-13-mrjvrhu1","POL-02","policy approval pending","yes","yes","yes","Retain in place and restore/link only with its reconciled historical observation; do not rename.","observation tree year=2026; folder=2026-07-13-mrjvrhu1; DUP-007 (2 byte-identical files; sha256 c543eefad443)",""
"CDL-0150","media_asset","images/observations/2026/2026-07-13-mrjvsbsd/2026-07-13-01-jpg.jpg","RESTORE","RESTORE","repository media library; candidates=2026-07-13-mrjvsbsd","POL-02","policy approval pending","yes","yes","yes","Retain in place and restore/link only with its reconciled historical observation; do not rename.","observation tree year=2026; folder=2026-07-13-mrjvsbsd; DUP-008 (2 byte-identical files; sha256 849fda7c849f)",""
"CDL-0151","media_asset","images/observations/2026/2026-07-13-mrjvtdph/2026-07-13-01-jpg.jpg","RESTORE","RESTORE","repository media library; candidates=2026-07-13-mrjvtdph","POL-02","policy approval pending","yes","yes","yes","Retain in place and restore/link only with its reconciled historical observation; do not rename.","observation tree year=2026; folder=2026-07-13-mrjvtdph; unique-by-sha256",""
"CDL-0152","media_asset","images/observations/2026/2026-07-13-mrjvut2e/2026-07-13-01-jpg.jpg","RESTORE","RESTORE","repository media library; candidates=2026-07-13-mrjvut2e","POL-02","policy approval pending","yes","yes","yes","Retain in place and restore/link only with its reconciled historical observation; do not rename.","observation tree year=2026; folder=2026-07-13-mrjvut2e; DUP-009 (2 byte-identical files; sha256 1b20ea04b7a7)",""
"CDL-0153","media_asset","images/observations/2026/2026-07-13-mrjvwl2h/2026-07-13-01-jpg.jpg","RESTORE","RESTORE","repository media library; candidates=2026-07-13-mrjvwl2h","POL-02","policy approval pending","yes","yes","yes","Retain in place and restore/link only with its reconciled historical observation; do not rename.","observation tree year=2026; folder=2026-07-13-mrjvwl2h; DUP-010 (2 byte-identical files; sha256 649bead96f2b)",""
"CDL-0154","media_asset","images/observations/2026/2026-07-13-mrjvydb7/2026-07-13-01-jpg.jpg","RESTORE","RESTORE","repository media library; candidates=2026-07-13-mrjvydb7","POL-02","policy approval pending","yes","yes","yes","Retain in place and restore/link only with its reconciled historical observation; do not rename.","observation tree year=2026; folder=2026-07-13-mrjvydb7; DUP-011 (2 byte-identical files; sha256 4b3170fdcbb0)",""
"CDL-0155","media_asset","images/observations/2026/2026-07-13-mrmmemqj/photo-1-jpg.jpg","RESTORE","RESTORE","repository media library; candidates=2026-07-13-mrmmemqj","POL-02","policy approval pending","yes","yes","yes","Retain in place and restore/link only with its reconciled historical observation; do not rename.","observation tree year=2026; folder=2026-07-13-mrmmemqj; unique-by-sha256",""
"CDL-0156","media_asset","images/observations/2026/2026-07-13-mrmor2tk/photo-1-jpg.jpg","RESTORE","RESTORE","repository media library; candidates=2026-07-13-mrmor2tk","POL-02","policy approval pending","yes","yes","yes","Retain in place and restore/link only with its reconciled historical observation; do not rename.","observation tree year=2026; folder=2026-07-13-mrmor2tk; DUP-002 (3 byte-identical files; sha256 df185f747067)",""
"CDL-0157","media_asset","images/observations/2026/2026-07-14-mrjy1kxl/2026-07-14-01-jpg.jpg","RESTORE","RESTORE","repository media library; candidates=2026-07-14-mrjy1kxl","POL-02","policy approval pending","yes","yes","yes","Retain in place and restore/link only with its reconciled historical observation; do not rename.","observation tree year=2026; folder=2026-07-14-mrjy1kxl; unique-by-sha256",""
"CDL-0158","media_asset","images/observations/2026/2026-07-14-mrjy2o1q/2026-07-14-01-jpg.jpg","RESTORE","RESTORE","repository media library; candidates=2026-07-14-mrjy2o1q","POL-02","policy approval pending","yes","yes","yes","Retain in place and restore/link only with its reconciled historical observation; do not rename.","observation tree year=2026; folder=2026-07-14-mrjy2o1q; unique-by-sha256",""
"CDL-0159","media_asset","images/observations/2026/2026-07-14-mrjy6cso/2026-07-14-01-jpg.jpg","RESTORE","RESTORE","repository media library; candidates=2026-07-14-mrjy6cso","POL-02","policy approval pending","yes","yes","yes","Retain in place and restore/link only with its reconciled historical observation; do not rename.","observation tree year=2026; folder=2026-07-14-mrjy6cso; DUP-012 (2 byte-identical files; sha256 5817a2974082)",""
"CDL-0160","media_asset","images/observations/2026/2026-07-14-mrjy8qzr/2026-07-14-01-jpg.jpg","RESTORE","RESTORE","repository media library; candidates=2026-07-14-mrjy8qzr","POL-02","policy approval pending","yes","yes","yes","Retain in place and restore/link only with its reconciled historical observation; do not rename.","observation tree year=2026; folder=2026-07-14-mrjy8qzr; DUP-013 (2 byte-identical files; sha256 8f009b505540)",""
"CDL-0161","media_asset","images/observations/2026/2026-07-14-mrmlqfvx/photo-1-jpg.jpg","RESTORE","RESTORE","repository media library; candidates=2026-07-14-mrmlqfvx","POL-02","policy approval pending","yes","yes","yes","Retain in place and restore/link only with its reconciled historical observation; do not rename.","observation tree year=2026; folder=2026-07-14-mrmlqfvx; DUP-014 (2 byte-identical files; sha256 a0130607fca3)",""
"CDL-0162","media_asset","images/observations/2026/2026-07-14-mrmmbbfd/photo-1-jpg.jpg","RESTORE","RESTORE","repository media library; candidates=2026-07-14-mrmmbbfd","POL-02","policy approval pending","yes","yes","yes","Retain in place and restore/link only with its reconciled historical observation; do not rename.","observation tree year=2026; folder=2026-07-14-mrmmbbfd; DUP-001 (2 byte-identical files; sha256 7bfc2cecd1ea)",""
"CDL-0163","media_asset","images/observations/2026/2026-07-16-709f8a29-9426-45c7-8dee-0f9e37fabe01/garden-2d146c57-0520-4551-a1f0-840af7cc3e5b-1.jpg","RESTORE","RESTORE","repository media library; candidates=2026-07-16-709f8a29-9426-45c7-8dee-0f9e37fabe01","POL-02","policy approval pending","yes","yes","yes","Retain in place and restore/link only with its reconciled historical observation; do not rename.","observation tree year=2026; folder=2026-07-16-709f8a29-9426-45c7-8dee-0f9e37fabe01; DUP-015 (4 byte-identical files; sha256 e026346464c6)",""
"CDL-0164","media_asset","images/observations/2026/2026-07-16-73e33b00-1c90-4738-9cbb-4a2f9ba1bca7/garden-d5e74612-d02e-4830-adba-8a2a4f3094ce-1.jpg","RESTORE","RESTORE","repository media library; candidates=2026-07-16-73e33b00-1c90-4738-9cbb-4a2f9ba1bca7","POL-02","policy approval pending","yes","yes","yes","Retain in place and restore/link only with its reconciled historical observation; do not rename.","observation tree year=2026; folder=2026-07-16-73e33b00-1c90-4738-9cbb-4a2f9ba1bca7; DUP-016 (5 byte-identical files; sha256 e3a760675312)",""
"CDL-0165","media_asset","images/observations/2026/2026-07-16-b4dbde92-142d-4035-99d9-eb3d0c7e1100/garden-d3c29a89-a706-4f1e-b140-9cca917d2ecb-1.jpg","RESTORE","RESTORE","repository media library; candidates=2026-07-16-b4dbde92-142d-4035-99d9-eb3d0c7e1100","POL-02","policy approval pending","yes","yes","yes","Retain in place and restore/link only with its reconciled historical observation; do not rename.","observation tree year=2026; folder=2026-07-16-b4dbde92-142d-4035-99d9-eb3d0c7e1100; DUP-015 (4 byte-identical files; sha256 e026346464c6)",""
"CDL-0166","media_asset","images/observations/2026/2026-07-16-e1d273bc-f68b-4483-a228-71d53d403b39/garden-b47ccb79-4416-46a3-8f90-b1e1e24240fd-1.jpg","RESTORE","RESTORE","repository media library; candidates=2026-07-16-e1d273bc-f68b-4483-a228-71d53d403b39","POL-02","policy approval pending","yes","yes","yes","Retain in place and restore/link only with its reconciled historical observation; do not rename.","observation tree year=2026; folder=2026-07-16-e1d273bc-f68b-4483-a228-71d53d403b39; DUP-016 (5 byte-identical files; sha256 e3a760675312)",""
"CDL-0167","media_asset","images/observations/2026/2026-07-16-e62c25eb-fc10-4c9a-9bf6-3e4f0aec01d3/garden-04808692-dd23-41c6-a0fe-be18481cb52f-5.jpg","KEEP","KEEP","repository media library; candidates=2026-07-16-e62c25eb-fc10-4c9a-9bf6-3e4f0aec01d3","existing media integrity rule","no destructive action proposed","yes","yes","yes","Retain in place; validate path and observation linkage.","observation tree year=2026; folder=2026-07-16-e62c25eb-fc10-4c9a-9bf6-3e4f0aec01d3; unique-by-sha256",""
"CDL-0168","media_asset","images/observations/2026/2026-07-16-e62c25eb-fc10-4c9a-9bf6-3e4f0aec01d3/garden-50ae518d-1531-4198-a6bb-9381458407af-3.jpg","KEEP","KEEP","repository media library; candidates=2026-07-16-e62c25eb-fc10-4c9a-9bf6-3e4f0aec01d3","existing media integrity rule","no destructive action proposed","yes","yes","yes","Retain in place; validate path and observation linkage.","observation tree year=2026; folder=2026-07-16-e62c25eb-fc10-4c9a-9bf6-3e4f0aec01d3; unique-by-sha256",""
"CDL-0169","media_asset","images/observations/2026/2026-07-16-e62c25eb-fc10-4c9a-9bf6-3e4f0aec01d3/garden-8295225a-f86a-44ba-8995-8e964797e0cb-9.jpg","KEEP","KEEP","repository media library; candidates=2026-07-16-e62c25eb-fc10-4c9a-9bf6-3e4f0aec01d3","existing media integrity rule","no destructive action proposed","yes","yes","yes","Retain in place; validate path and observation linkage.","observation tree year=2026; folder=2026-07-16-e62c25eb-fc10-4c9a-9bf6-3e4f0aec01d3; unique-by-sha256",""
"CDL-0170","media_asset","images/observations/2026/2026-07-16-e62c25eb-fc10-4c9a-9bf6-3e4f0aec01d3/garden-ab16acb1-0bad-4b48-bdfd-fea7c99eee64-2.jpg","KEEP","KEEP","repository media library; candidates=2026-07-16-e62c25eb-fc10-4c9a-9bf6-3e4f0aec01d3","existing media integrity rule","no destructive action proposed","yes","yes","yes","Retain in place; validate path and observation linkage.","observation tree year=2026; folder=2026-07-16-e62c25eb-fc10-4c9a-9bf6-3e4f0aec01d3; unique-by-sha256",""
"CDL-0171","media_asset","images/observations/2026/2026-07-16-e62c25eb-fc10-4c9a-9bf6-3e4f0aec01d3/garden-ae8988a6-96de-47ff-891d-7a00f121b4c8-6.jpg","KEEP","KEEP","repository media library; candidates=2026-07-16-e62c25eb-fc10-4c9a-9bf6-3e4f0aec01d3","existing media integrity rule","no destructive action proposed","yes","yes","yes","Retain in place; validate path and observation linkage.","observation tree year=2026; folder=2026-07-16-e62c25eb-fc10-4c9a-9bf6-3e4f0aec01d3; unique-by-sha256",""
"CDL-0172","media_asset","images/observations/2026/2026-07-16-e62c25eb-fc10-4c9a-9bf6-3e4f0aec01d3/garden-c4b0783e-1334-4f8e-97e5-e123218b4427-7.jpg","KEEP","KEEP","repository media library; candidates=2026-07-16-e62c25eb-fc10-4c9a-9bf6-3e4f0aec01d3","existing media integrity rule","no destructive action proposed","yes","yes","yes","Retain in place; validate path and observation linkage.","observation tree year=2026; folder=2026-07-16-e62c25eb-fc10-4c9a-9bf6-3e4f0aec01d3; unique-by-sha256",""
"CDL-0173","media_asset","images/observations/2026/2026-07-16-e62c25eb-fc10-4c9a-9bf6-3e4f0aec01d3/garden-ce1694d3-6f63-4f83-a948-d710833e5f75-1.jpg","KEEP","KEEP","repository media library; candidates=2026-07-16-e62c25eb-fc10-4c9a-9bf6-3e4f0aec01d3","existing media integrity rule","no destructive action proposed","yes","yes","yes","Retain in place; validate path and observation linkage.","observation tree year=2026; folder=2026-07-16-e62c25eb-fc10-4c9a-9bf6-3e4f0aec01d3; unique-by-sha256",""
"CDL-0174","media_asset","images/observations/2026/2026-07-16-e62c25eb-fc10-4c9a-9bf6-3e4f0aec01d3/garden-dda43377-3db8-47b6-8f5f-27b3f5489cfc-4.jpg","KEEP","KEEP","repository media library; candidates=2026-07-16-e62c25eb-fc10-4c9a-9bf6-3e4f0aec01d3","existing media integrity rule","no destructive action proposed","yes","yes","yes","Retain in place; validate path and observation linkage.","observation tree year=2026; folder=2026-07-16-e62c25eb-fc10-4c9a-9bf6-3e4f0aec01d3; unique-by-sha256",""
"CDL-0175","media_asset","images/observations/2026/2026-07-16-e62c25eb-fc10-4c9a-9bf6-3e4f0aec01d3/garden-f6327e40-4b67-454b-9386-9a6e0d98f13b-8.jpg","KEEP","KEEP","repository media library; candidates=2026-07-16-e62c25eb-fc10-4c9a-9bf6-3e4f0aec01d3","existing media integrity rule","no destructive action proposed","yes","yes","yes","Retain in place; validate path and observation linkage.","observation tree year=2026; folder=2026-07-16-e62c25eb-fc10-4c9a-9bf6-3e4f0aec01d3; unique-by-sha256",""
"CDL-0176","media_asset","images/observations/2026/2026-07-16-mrmulvpf/photo-1-jpg.jpg","RESTORE","RESTORE","repository media library; candidates=2026-07-16-mrmulvpf","POL-02","policy approval pending","yes","yes","yes","Retain in place and restore/link only with its reconciled historical observation; do not rename.","observation tree year=2026; folder=2026-07-16-mrmulvpf; DUP-017 (2 byte-identical files; sha256 6d5d971f4c8c)",""
"CDL-0177","media_asset","images/observations/2026/2026-07-16-mrmunxz8/photo-1-jpg.jpg","RESTORE","RESTORE","repository media library; candidates=2026-07-16-mrmunxz8","POL-02","policy approval pending","yes","yes","yes","Retain in place and restore/link only with its reconciled historical observation; do not rename.","observation tree year=2026; folder=2026-07-16-mrmunxz8; DUP-016 (5 byte-identical files; sha256 e3a760675312)",""
"CDL-0178","media_asset","images/observations/2026/2026-07-16-mrmuq2xt/photo-1-jpg.jpg","RESTORE","RESTORE","repository media library; candidates=2026-07-16-mrmuq2xt","POL-02","policy approval pending","yes","yes","yes","Retain in place and restore/link only with its reconciled historical observation; do not rename.","observation tree year=2026; folder=2026-07-16-mrmuq2xt; DUP-018 (2 byte-identical files; sha256 530fe43994e7)",""
"CDL-0179","media_asset","images/observations/2026/2026-07-16-mrmvm6ld/photo-1-jpg.jpg","RESTORE","RESTORE","repository media library; candidates=2026-07-16-mrmvm6ld","POL-02","policy approval pending","yes","yes","yes","Retain in place and restore/link only with its reconciled historical observation; do not rename.","observation tree year=2026; folder=2026-07-16-mrmvm6ld; DUP-019 (2 byte-identical files; sha256 6e7b223c0388)",""
"CDL-0180","media_asset","images/observations/2026/2026-07-16-mro0d6ue/photo-1-jpg.jpg","RESTORE","RESTORE","repository media library; candidates=2026-07-16-mro0d6ue","POL-02","policy approval pending","yes","yes","yes","Retain in place and restore/link only with its reconciled historical observation; do not rename.","observation tree year=2026; folder=2026-07-16-mro0d6ue; DUP-002 (3 byte-identical files; sha256 df185f747067)",""
"CDL-0181","media_asset","images/observations/2026/2026-07-17-3d3491fb-20a7-41fb-95cf-4883d3231e1b/garden-6f5dd0c8-a906-4267-85b5-9064bc4a6c21-1.jpg","RESTORE","RESTORE","repository media library; candidates=2026-07-17-3d3491fb-20a7-41fb-95cf-4883d3231e1b","POL-02","policy approval pending","yes","yes","yes","Retain in place and restore/link only with its reconciled historical observation; do not rename.","observation tree year=2026; folder=2026-07-17-3d3491fb-20a7-41fb-95cf-4883d3231e1b; unique-by-sha256",""
"CDL-0182","media_asset","images/observations/2026/2026-07-17-3d3491fb-20a7-41fb-95cf-4883d3231e1b/garden-8f0ece5d-a844-4287-a66f-8bfe93e907da-2.jpg","RESTORE","RESTORE","repository media library; candidates=2026-07-17-3d3491fb-20a7-41fb-95cf-4883d3231e1b","POL-02","policy approval pending","yes","yes","yes","Retain in place and restore/link only with its reconciled historical observation; do not rename.","observation tree year=2026; folder=2026-07-17-3d3491fb-20a7-41fb-95cf-4883d3231e1b; DUP-020 (2 byte-identical files; sha256 b0715fa4ff03)",""
"CDL-0183","media_asset","images/observations/2026/2026-07-17-3fc7c311-0fba-4462-8928-64e84faf746a/garden-9684e9f9-cdef-41e8-ad08-e450f7e51eaf-1.jpg","RESTORE","RESTORE","repository media library; candidates=2026-07-17-3fc7c311-0fba-4462-8928-64e84faf746a","POL-02","policy approval pending","yes","yes","yes","Retain in place and restore/link only with its reconciled historical observation; do not rename.","observation tree year=2026; folder=2026-07-17-3fc7c311-0fba-4462-8928-64e84faf746a; unique-by-sha256",""
"CDL-0184","media_asset","images/observations/2026/2026-07-17-3fc7c311-0fba-4462-8928-64e84faf746a/garden-fcab657d-7ad8-4819-943d-527c04bb77dc-2.jpg","RESTORE","RESTORE","repository media library; candidates=2026-07-17-3fc7c311-0fba-4462-8928-64e84faf746a","POL-02","policy approval pending","yes","yes","yes","Retain in place and restore/link only with its reconciled historical observation; do not rename.","observation tree year=2026; folder=2026-07-17-3fc7c311-0fba-4462-8928-64e84faf746a; unique-by-sha256",""
"CDL-0185","media_asset","images/observations/2026/2026-07-17-564174fb-6e42-43be-8343-de4d2839bace/garden-038a3279-dd56-48ed-bc9d-f1b466e0c3d3-1.jpg","RESTORE","RESTORE","repository media library; candidates=2026-07-17-564174fb-6e42-43be-8343-de4d2839bace","POL-02","policy approval pending","yes","yes","yes","Retain in place and restore/link only with its reconciled historical observation; do not rename.","observation tree year=2026; folder=2026-07-17-564174fb-6e42-43be-8343-de4d2839bace; unique-by-sha256",""
"CDL-0186","media_asset","images/observations/2026/2026-07-17-564174fb-6e42-43be-8343-de4d2839bace/garden-5ddfa679-a214-406b-bd3a-03dae0570082-2.jpg","RESTORE","RESTORE","repository media library; candidates=2026-07-17-564174fb-6e42-43be-8343-de4d2839bace","POL-02","policy approval pending","yes","yes","yes","Retain in place and restore/link only with its reconciled historical observation; do not rename.","observation tree year=2026; folder=2026-07-17-564174fb-6e42-43be-8343-de4d2839bace; unique-by-sha256",""
"CDL-0187","media_asset","images/observations/2026/2026-07-17-99c2adc9-ad48-41aa-8fd3-a1b818ab802e/garden-2959f0d8-d8c9-498c-aff4-908fd7563f25-1.jpg","RESTORE","RESTORE","repository media library; candidates=2026-07-17-99c2adc9-ad48-41aa-8fd3-a1b818ab802e","POL-02","policy approval pending","yes","yes","yes","Retain in place and restore/link only with its reconciled historical observation; do not rename.","observation tree year=2026; folder=2026-07-17-99c2adc9-ad48-41aa-8fd3-a1b818ab802e; DUP-015 (4 byte-identical files; sha256 e026346464c6)",""
"CDL-0188","media_asset","images/observations/2026/2026-07-17-99c2adc9-ad48-41aa-8fd3-a1b818ab802e/garden-8be19f53-88ab-49ae-a658-a3addb4497d9-2.jpg","RESTORE","RESTORE","repository media library; candidates=2026-07-17-99c2adc9-ad48-41aa-8fd3-a1b818ab802e","POL-02","policy approval pending","yes","yes","yes","Retain in place and restore/link only with its reconciled historical observation; do not rename.","observation tree year=2026; folder=2026-07-17-99c2adc9-ad48-41aa-8fd3-a1b818ab802e; DUP-021 (2 byte-identical files; sha256 588f92744619)",""
"CDL-0189","media_asset","images/observations/2026/2026-07-17-99c2adc9-ad48-41aa-8fd3-a1b818ab802e/garden-fb371776-c143-44b8-be07-7781fcbfba0b-3.jpg","RESTORE","RESTORE","repository media library; candidates=2026-07-17-99c2adc9-ad48-41aa-8fd3-a1b818ab802e","POL-02","policy approval pending","yes","yes","yes","Retain in place and restore/link only with its reconciled historical observation; do not rename.","observation tree year=2026; folder=2026-07-17-99c2adc9-ad48-41aa-8fd3-a1b818ab802e; DUP-022 (2 byte-identical files; sha256 09c825f7df35)",""
"CDL-0190","media_asset","images/observations/2026/2026-07-17-de9ff3f1-0e55-40f7-9065-80d18e8eeec4/garden-04ea9d81-e6e1-4906-ad15-268a567775c5-1.jpg","RESTORE","RESTORE","repository media library; candidates=2026-07-17-de9ff3f1-0e55-40f7-9065-80d18e8eeec4","POL-02","policy approval pending","yes","yes","yes","Retain in place and restore/link only with its reconciled historical observation; do not rename.","observation tree year=2026; folder=2026-07-17-de9ff3f1-0e55-40f7-9065-80d18e8eeec4; unique-by-sha256",""
"CDL-0191","media_asset","images/observations/2026/2026-07-17-de9ff3f1-0e55-40f7-9065-80d18e8eeec4/garden-3e9d3aef-a147-4168-8731-a041bddcd3d5-7.jpg","RESTORE","RESTORE","repository media library; candidates=2026-07-17-de9ff3f1-0e55-40f7-9065-80d18e8eeec4","POL-02","policy approval pending","yes","yes","yes","Retain in place and restore/link only with its reconciled historical observation; do not rename.","observation tree year=2026; folder=2026-07-17-de9ff3f1-0e55-40f7-9065-80d18e8eeec4; unique-by-sha256",""
"CDL-0192","media_asset","images/observations/2026/2026-07-17-de9ff3f1-0e55-40f7-9065-80d18e8eeec4/garden-9084875b-af6b-4abf-bc20-ee6fe2aaf316-5.jpg","RESTORE","RESTORE","repository media library; candidates=2026-07-17-de9ff3f1-0e55-40f7-9065-80d18e8eeec4","POL-02","policy approval pending","yes","yes","yes","Retain in place and restore/link only with its reconciled historical observation; do not rename.","observation tree year=2026; folder=2026-07-17-de9ff3f1-0e55-40f7-9065-80d18e8eeec4; unique-by-sha256",""
"CDL-0193","media_asset","images/observations/2026/2026-07-17-de9ff3f1-0e55-40f7-9065-80d18e8eeec4/garden-91b8320e-7f2e-4893-9ad9-0c5a8676e5b5-9.jpg","RESTORE","RESTORE","repository media library; candidates=2026-07-17-de9ff3f1-0e55-40f7-9065-80d18e8eeec4","POL-02","policy approval pending","yes","yes","yes","Retain in place and restore/link only with its reconciled historical observation; do not rename.","observation tree year=2026; folder=2026-07-17-de9ff3f1-0e55-40f7-9065-80d18e8eeec4; unique-by-sha256",""
"CDL-0194","media_asset","images/observations/2026/2026-07-17-de9ff3f1-0e55-40f7-9065-80d18e8eeec4/garden-d94579d0-d1f6-4b64-8354-a5c888b5e10c-3.jpg","RESTORE","RESTORE","repository media library; candidates=2026-07-17-de9ff3f1-0e55-40f7-9065-80d18e8eeec4","POL-02","policy approval pending","yes","yes","yes","Retain in place and restore/link only with its reconciled historical observation; do not rename.","observation tree year=2026; folder=2026-07-17-de9ff3f1-0e55-40f7-9065-80d18e8eeec4; unique-by-sha256",""
"CDL-0195","media_asset","images/observations/2026/2026-07-17-de9ff3f1-0e55-40f7-9065-80d18e8eeec4/garden-de6f89b3-32bb-4b63-8db2-25f651ecc8d1-6.jpg","RESTORE","RESTORE","repository media library; candidates=2026-07-17-de9ff3f1-0e55-40f7-9065-80d18e8eeec4","POL-02","policy approval pending","yes","yes","yes","Retain in place and restore/link only with its reconciled historical observation; do not rename.","observation tree year=2026; folder=2026-07-17-de9ff3f1-0e55-40f7-9065-80d18e8eeec4; unique-by-sha256",""
"CDL-0196","media_asset","images/observations/2026/2026-07-17-de9ff3f1-0e55-40f7-9065-80d18e8eeec4/garden-e2c6591e-8b03-42b9-8339-8003ae6c0563-4.jpg","RESTORE","RESTORE","repository media library; candidates=2026-07-17-de9ff3f1-0e55-40f7-9065-80d18e8eeec4","POL-02","policy approval pending","yes","yes","yes","Retain in place and restore/link only with its reconciled historical observation; do not rename.","observation tree year=2026; folder=2026-07-17-de9ff3f1-0e55-40f7-9065-80d18e8eeec4; unique-by-sha256",""
"CDL-0197","media_asset","images/observations/2026/2026-07-17-de9ff3f1-0e55-40f7-9065-80d18e8eeec4/garden-f3d0b842-ee57-459c-b996-6718f0ebaae9-8.jpg","RESTORE","RESTORE","repository media library; candidates=2026-07-17-de9ff3f1-0e55-40f7-9065-80d18e8eeec4","POL-02","policy approval pending","yes","yes","yes","Retain in place and restore/link only with its reconciled historical observation; do not rename.","observation tree year=2026; folder=2026-07-17-de9ff3f1-0e55-40f7-9065-80d18e8eeec4; unique-by-sha256",""
"CDL-0198","media_asset","images/observations/2026/2026-07-17-de9ff3f1-0e55-40f7-9065-80d18e8eeec4/garden-f4d71ba7-249b-480a-9d82-bed956263e95-2.jpg","RESTORE","RESTORE","repository media library; candidates=2026-07-17-de9ff3f1-0e55-40f7-9065-80d18e8eeec4","POL-02","policy approval pending","yes","yes","yes","Retain in place and restore/link only with its reconciled historical observation; do not rename.","observation tree year=2026; folder=2026-07-17-de9ff3f1-0e55-40f7-9065-80d18e8eeec4; unique-by-sha256",""
"CDL-0199","media_asset","images/observations/2026/2026-07-17-f16abe2b-32bc-48a9-ac8f-b3937a29062b/garden-09a42d69-1e2d-4c6b-9aab-3dc1eb356c1d-12.jpg","RESTORE","RESTORE","repository media library; candidates=2026-07-17-f16abe2b-32bc-48a9-ac8f-b3937a29062b","POL-02","policy approval pending","yes","yes","yes","Retain in place and restore/link only with its reconciled historical observation; do not rename.","observation tree year=2026; folder=2026-07-17-f16abe2b-32bc-48a9-ac8f-b3937a29062b; unique-by-sha256",""
"CDL-0200","media_asset","images/observations/2026/2026-07-17-f16abe2b-32bc-48a9-ac8f-b3937a29062b/garden-124e347d-7899-4571-8f09-80438e6fd592-10.jpg","RESTORE","RESTORE","repository media library; candidates=2026-07-17-f16abe2b-32bc-48a9-ac8f-b3937a29062b","POL-02","policy approval pending","yes","yes","yes","Retain in place and restore/link only with its reconciled historical observation; do not rename.","observation tree year=2026; folder=2026-07-17-f16abe2b-32bc-48a9-ac8f-b3937a29062b; DUP-016 (5 byte-identical files; sha256 e3a760675312)",""
"CDL-0201","media_asset","images/observations/2026/2026-07-17-f16abe2b-32bc-48a9-ac8f-b3937a29062b/garden-12f525a3-5337-452b-a8be-c5c54cb4f315-5.jpg","RESTORE","RESTORE","repository media library; candidates=2026-07-17-f16abe2b-32bc-48a9-ac8f-b3937a29062b","POL-02","policy approval pending","yes","yes","yes","Retain in place and restore/link only with its reconciled historical observation; do not rename.","observation tree year=2026; folder=2026-07-17-f16abe2b-32bc-48a9-ac8f-b3937a29062b; unique-by-sha256",""
"CDL-0202","media_asset","images/observations/2026/2026-07-17-f16abe2b-32bc-48a9-ac8f-b3937a29062b/garden-31910686-fbf2-432a-b964-85248a47c7dc-8.jpg","RESTORE","RESTORE","repository media library; candidates=2026-07-17-f16abe2b-32bc-48a9-ac8f-b3937a29062b","POL-02","policy approval pending","yes","yes","yes","Retain in place and restore/link only with its reconciled historical observation; do not rename.","observation tree year=2026; folder=2026-07-17-f16abe2b-32bc-48a9-ac8f-b3937a29062b; DUP-021 (2 byte-identical files; sha256 588f92744619)",""
"CDL-0203","media_asset","images/observations/2026/2026-07-17-f16abe2b-32bc-48a9-ac8f-b3937a29062b/garden-429f6d35-f875-4d45-9506-ac56147f8f40-13.jpg","RESTORE","RESTORE","repository media library; candidates=2026-07-17-f16abe2b-32bc-48a9-ac8f-b3937a29062b","POL-02","policy approval pending","yes","yes","yes","Retain in place and restore/link only with its reconciled historical observation; do not rename.","observation tree year=2026; folder=2026-07-17-f16abe2b-32bc-48a9-ac8f-b3937a29062b; unique-by-sha256",""
"CDL-0204","media_asset","images/observations/2026/2026-07-17-f16abe2b-32bc-48a9-ac8f-b3937a29062b/garden-69634f06-5835-4303-9788-ccd71dc20596-16.jpg","RESTORE","RESTORE","repository media library; candidates=2026-07-17-f16abe2b-32bc-48a9-ac8f-b3937a29062b","POL-02","policy approval pending","yes","yes","yes","Retain in place and restore/link only with its reconciled historical observation; do not rename.","observation tree year=2026; folder=2026-07-17-f16abe2b-32bc-48a9-ac8f-b3937a29062b; unique-by-sha256",""
"CDL-0205","media_asset","images/observations/2026/2026-07-17-f16abe2b-32bc-48a9-ac8f-b3937a29062b/garden-6a10bd08-17a9-4a8b-ae6f-ffdcada50490-2.jpg","RESTORE","RESTORE","repository media library; candidates=2026-07-17-f16abe2b-32bc-48a9-ac8f-b3937a29062b","POL-02","policy approval pending","yes","yes","yes","Retain in place and restore/link only with its reconciled historical observation; do not rename.","observation tree year=2026; folder=2026-07-17-f16abe2b-32bc-48a9-ac8f-b3937a29062b; unique-by-sha256",""
"CDL-0206","media_asset","images/observations/2026/2026-07-17-f16abe2b-32bc-48a9-ac8f-b3937a29062b/garden-7fb5fed9-60eb-4041-9e3d-b4afb427c21e-11.jpg","RESTORE","RESTORE","repository media library; candidates=2026-07-17-f16abe2b-32bc-48a9-ac8f-b3937a29062b","POL-02","policy approval pending","yes","yes","yes","Retain in place and restore/link only with its reconciled historical observation; do not rename.","observation tree year=2026; folder=2026-07-17-f16abe2b-32bc-48a9-ac8f-b3937a29062b; unique-by-sha256",""
"CDL-0207","media_asset","images/observations/2026/2026-07-17-f16abe2b-32bc-48a9-ac8f-b3937a29062b/garden-805be965-35f9-4fba-a4d9-719160ff0a3d-14.jpg","RESTORE","RESTORE","repository media library; candidates=2026-07-17-f16abe2b-32bc-48a9-ac8f-b3937a29062b","POL-02","policy approval pending","yes","yes","yes","Retain in place and restore/link only with its reconciled historical observation; do not rename.","observation tree year=2026; folder=2026-07-17-f16abe2b-32bc-48a9-ac8f-b3937a29062b; unique-by-sha256",""
"CDL-0208","media_asset","images/observations/2026/2026-07-17-f16abe2b-32bc-48a9-ac8f-b3937a29062b/garden-8a67c085-e317-4677-acfe-8185b7043453-1.jpg","RESTORE","RESTORE","repository media library; candidates=2026-07-17-f16abe2b-32bc-48a9-ac8f-b3937a29062b","POL-02","policy approval pending","yes","yes","yes","Retain in place and restore/link only with its reconciled historical observation; do not rename.","observation tree year=2026; folder=2026-07-17-f16abe2b-32bc-48a9-ac8f-b3937a29062b; unique-by-sha256",""
"CDL-0209","media_asset","images/observations/2026/2026-07-17-f16abe2b-32bc-48a9-ac8f-b3937a29062b/garden-92b08f10-5f3a-4b5f-ae24-047037e6a3bb-4.jpg","RESTORE","RESTORE","repository media library; candidates=2026-07-17-f16abe2b-32bc-48a9-ac8f-b3937a29062b","POL-02","policy approval pending","yes","yes","yes","Retain in place and restore/link only with its reconciled historical observation; do not rename.","observation tree year=2026; folder=2026-07-17-f16abe2b-32bc-48a9-ac8f-b3937a29062b; unique-by-sha256",""
"CDL-0210","media_asset","images/observations/2026/2026-07-17-f16abe2b-32bc-48a9-ac8f-b3937a29062b/garden-96ea7d27-3f99-4160-b673-119cb86eedcd-6.jpg","RESTORE","RESTORE","repository media library; candidates=2026-07-17-f16abe2b-32bc-48a9-ac8f-b3937a29062b","POL-02","policy approval pending","yes","yes","yes","Retain in place and restore/link only with its reconciled historical observation; do not rename.","observation tree year=2026; folder=2026-07-17-f16abe2b-32bc-48a9-ac8f-b3937a29062b; DUP-022 (2 byte-identical files; sha256 09c825f7df35)",""
"CDL-0211","media_asset","images/observations/2026/2026-07-17-f16abe2b-32bc-48a9-ac8f-b3937a29062b/garden-adeec0ab-3690-4a04-873d-9750a6aad2a8-15.jpg","RESTORE","RESTORE","repository media library; candidates=2026-07-17-f16abe2b-32bc-48a9-ac8f-b3937a29062b","POL-02","policy approval pending","yes","yes","yes","Retain in place and restore/link only with its reconciled historical observation; do not rename.","observation tree year=2026; folder=2026-07-17-f16abe2b-32bc-48a9-ac8f-b3937a29062b; unique-by-sha256",""
"CDL-0212","media_asset","images/observations/2026/2026-07-17-f16abe2b-32bc-48a9-ac8f-b3937a29062b/garden-b1e151d6-2e02-4dbb-9591-69940f0de1c7-20.jpg","RESTORE","RESTORE","repository media library; candidates=2026-07-17-f16abe2b-32bc-48a9-ac8f-b3937a29062b","POL-02","policy approval pending","yes","yes","yes","Retain in place and restore/link only with its reconciled historical observation; do not rename.","observation tree year=2026; folder=2026-07-17-f16abe2b-32bc-48a9-ac8f-b3937a29062b; unique-by-sha256",""
"CDL-0213","media_asset","images/observations/2026/2026-07-17-f16abe2b-32bc-48a9-ac8f-b3937a29062b/garden-b4aeb8ca-10bf-4258-bcd7-8c19f4c713ae-3.jpg","RESTORE","RESTORE","repository media library; candidates=2026-07-17-f16abe2b-32bc-48a9-ac8f-b3937a29062b","POL-02","policy approval pending","yes","yes","yes","Retain in place and restore/link only with its reconciled historical observation; do not rename.","observation tree year=2026; folder=2026-07-17-f16abe2b-32bc-48a9-ac8f-b3937a29062b; DUP-020 (2 byte-identical files; sha256 b0715fa4ff03)",""
"CDL-0214","media_asset","images/observations/2026/2026-07-17-f16abe2b-32bc-48a9-ac8f-b3937a29062b/garden-bdda0a11-02c1-4d78-9f68-d26bbe85ca99-17.jpg","RESTORE","RESTORE","repository media library; candidates=2026-07-17-f16abe2b-32bc-48a9-ac8f-b3937a29062b","POL-02","policy approval pending","yes","yes","yes","Retain in place and restore/link only with its reconciled historical observation; do not rename.","observation tree year=2026; folder=2026-07-17-f16abe2b-32bc-48a9-ac8f-b3937a29062b; unique-by-sha256",""
"CDL-0215","media_asset","images/observations/2026/2026-07-17-f16abe2b-32bc-48a9-ac8f-b3937a29062b/garden-be3c4a87-ad69-4c36-9845-7c938aa16e16-7.jpg","RESTORE","RESTORE","repository media library; candidates=2026-07-17-f16abe2b-32bc-48a9-ac8f-b3937a29062b","POL-02","policy approval pending","yes","yes","yes","Retain in place and restore/link only with its reconciled historical observation; do not rename.","observation tree year=2026; folder=2026-07-17-f16abe2b-32bc-48a9-ac8f-b3937a29062b; unique-by-sha256",""
"CDL-0216","media_asset","images/observations/2026/2026-07-17-f16abe2b-32bc-48a9-ac8f-b3937a29062b/garden-c8f0de78-1266-42c5-8371-ab6847b5a23a-9.jpg","RESTORE","RESTORE","repository media library; candidates=2026-07-17-f16abe2b-32bc-48a9-ac8f-b3937a29062b","POL-02","policy approval pending","yes","yes","yes","Retain in place and restore/link only with its reconciled historical observation; do not rename.","observation tree year=2026; folder=2026-07-17-f16abe2b-32bc-48a9-ac8f-b3937a29062b; DUP-015 (4 byte-identical files; sha256 e026346464c6)",""
"CDL-0217","media_asset","images/observations/2026/2026-07-17-f16abe2b-32bc-48a9-ac8f-b3937a29062b/garden-cc72ae55-e524-4528-847d-598fa67f3335-18.jpg","RESTORE","RESTORE","repository media library; candidates=2026-07-17-f16abe2b-32bc-48a9-ac8f-b3937a29062b","POL-02","policy approval pending","yes","yes","yes","Retain in place and restore/link only with its reconciled historical observation; do not rename.","observation tree year=2026; folder=2026-07-17-f16abe2b-32bc-48a9-ac8f-b3937a29062b; unique-by-sha256",""
"CDL-0218","media_asset","images/observations/2026/2026-07-17-f16abe2b-32bc-48a9-ac8f-b3937a29062b/garden-f963d5b9-48e5-4bdb-8e32-c669f6eb7993-19.jpg","RESTORE","RESTORE","repository media library; candidates=2026-07-17-f16abe2b-32bc-48a9-ac8f-b3937a29062b","POL-02","policy approval pending","yes","yes","yes","Retain in place and restore/link only with its reconciled historical observation; do not rename.","observation tree year=2026; folder=2026-07-17-f16abe2b-32bc-48a9-ac8f-b3937a29062b; unique-by-sha256",""
"CDL-0219","media_asset","images/observations/2026/2026-07-18-46f64ffe-5f34-40b9-9168-e15c81afcaf0/garden-cb2e736d-ac04-4a50-b5ae-6f048d1c4fdc-1.jpg","RESTORE","RESTORE","repository media library; candidates=2026-07-18-46f64ffe-5f34-40b9-9168-e15c81afcaf0","POL-02","policy approval pending","yes","yes","yes","Retain in place and restore/link only with its reconciled historical observation; do not rename.","observation tree year=2026; folder=2026-07-18-46f64ffe-5f34-40b9-9168-e15c81afcaf0; unique-by-sha256",""
"CDL-0220","media_asset","images/observations/2026/2026-07-18-49d5db03-6fae-49ec-8012-a8dbe6aaf409/garden-8a1f6425-3a11-45c2-b84c-a020e1f9d155-2.jpg","KEEP","KEEP","repository media library; candidates=2026-07-18-49d5db03-6fae-49ec-8012-a8dbe6aaf409","existing media integrity rule","no destructive action proposed","yes","yes","yes","Retain in place; validate path and observation linkage.","observation tree year=2026; folder=2026-07-18-49d5db03-6fae-49ec-8012-a8dbe6aaf409; unique-by-sha256",""
"CDL-0221","media_asset","images/observations/2026/2026-07-18-49d5db03-6fae-49ec-8012-a8dbe6aaf409/garden-a75539ba-4b39-4ab1-8028-bb58085a90fe-1.jpg","KEEP","KEEP","repository media library; candidates=2026-07-18-49d5db03-6fae-49ec-8012-a8dbe6aaf409","existing media integrity rule","no destructive action proposed","yes","yes","yes","Retain in place; validate path and observation linkage.","observation tree year=2026; folder=2026-07-18-49d5db03-6fae-49ec-8012-a8dbe6aaf409; unique-by-sha256",""
"CDL-0222","media_asset","images/observations/2026/2026-07-18-5c162e1c-5a0c-4056-be3e-75df42674e2b/garden-03b40b5f-c7dc-4f43-a3bd-ab3e6f049d1f-5.jpg","RESTORE","RESTORE","repository media library; candidates=2026-07-18-5c162e1c-5a0c-4056-be3e-75df42674e2b","POL-02","policy approval pending","yes","yes","yes","Retain in place and restore/link only with its reconciled historical observation; do not rename.","observation tree year=2026; folder=2026-07-18-5c162e1c-5a0c-4056-be3e-75df42674e2b; DUP-023 (2 byte-identical files; sha256 cae8ca133625)",""
"CDL-0223","media_asset","images/observations/2026/2026-07-18-5c162e1c-5a0c-4056-be3e-75df42674e2b/garden-1b202bae-e979-4f21-9af6-c8cd6b08fdce-3.jpg","RESTORE","RESTORE","repository media library; candidates=2026-07-18-5c162e1c-5a0c-4056-be3e-75df42674e2b","POL-02","policy approval pending","yes","yes","yes","Retain in place and restore/link only with its reconciled historical observation; do not rename.","observation tree year=2026; folder=2026-07-18-5c162e1c-5a0c-4056-be3e-75df42674e2b; DUP-024 (2 byte-identical files; sha256 09e8e976c966)",""
"CDL-0224","media_asset","images/observations/2026/2026-07-18-5c162e1c-5a0c-4056-be3e-75df42674e2b/garden-72c85f08-fd4b-46ac-8599-8ab7d5f1622c-4.jpg","RESTORE","RESTORE","repository media library; candidates=2026-07-18-5c162e1c-5a0c-4056-be3e-75df42674e2b","POL-02","policy approval pending","yes","yes","yes","Retain in place and restore/link only with its reconciled historical observation; do not rename.","observation tree year=2026; folder=2026-07-18-5c162e1c-5a0c-4056-be3e-75df42674e2b; DUP-025 (3 byte-identical files; sha256 80261684a4c4)",""
"CDL-0225","media_asset","images/observations/2026/2026-07-18-5c162e1c-5a0c-4056-be3e-75df42674e2b/garden-8bc97d8d-7753-4447-b330-88fd2f686d1a-6.jpg","RESTORE","RESTORE","repository media library; candidates=2026-07-18-5c162e1c-5a0c-4056-be3e-75df42674e2b","POL-02","policy approval pending","yes","yes","yes","Retain in place and restore/link only with its reconciled historical observation; do not rename.","observation tree year=2026; folder=2026-07-18-5c162e1c-5a0c-4056-be3e-75df42674e2b; DUP-026 (2 byte-identical files; sha256 05a6f3f0e28e)",""
"CDL-0226","media_asset","images/observations/2026/2026-07-18-5c162e1c-5a0c-4056-be3e-75df42674e2b/garden-c5e16255-5952-4846-94bb-1fcb70212b09-2.jpg","RESTORE","RESTORE","repository media library; candidates=2026-07-18-5c162e1c-5a0c-4056-be3e-75df42674e2b","POL-02","policy approval pending","yes","yes","yes","Retain in place and restore/link only with its reconciled historical observation; do not rename.","observation tree year=2026; folder=2026-07-18-5c162e1c-5a0c-4056-be3e-75df42674e2b; DUP-027 (2 byte-identical files; sha256 9643043b8bbb)",""
"CDL-0227","media_asset","images/observations/2026/2026-07-18-5c162e1c-5a0c-4056-be3e-75df42674e2b/garden-cb42baa5-06d0-4398-8ccf-84e9bb67c579-1.jpg","RESTORE","RESTORE","repository media library; candidates=2026-07-18-5c162e1c-5a0c-4056-be3e-75df42674e2b","POL-02","policy approval pending","yes","yes","yes","Retain in place and restore/link only with its reconciled historical observation; do not rename.","observation tree year=2026; folder=2026-07-18-5c162e1c-5a0c-4056-be3e-75df42674e2b; DUP-028 (2 byte-identical files; sha256 ceb6361753db)",""
"CDL-0228","media_asset","images/observations/2026/2026-07-18-631b3667-2ef8-4386-9f10-8dc044e1d8bc/garden-b432119b-538e-4700-98f2-e7f223a57da2-1.jpg","RESTORE","RESTORE","repository media library; candidates=2026-07-18-631b3667-2ef8-4386-9f10-8dc044e1d8bc","POL-02","policy approval pending","yes","yes","yes","Retain in place and restore/link only with its reconciled historical observation; do not rename.","observation tree year=2026; folder=2026-07-18-631b3667-2ef8-4386-9f10-8dc044e1d8bc; unique-by-sha256",""
"CDL-0229","media_asset","images/observations/2026/2026-07-18-7616b09d-9e28-46f7-85cf-e4f4c29deb2c/garden-14cfb3d6-4aa9-4f15-9b1a-47277c85ef72-1.jpg","RESTORE","RESTORE","repository media library; candidates=2026-07-18-7616b09d-9e28-46f7-85cf-e4f4c29deb2c","POL-02","policy approval pending","yes","yes","yes","Retain in place and restore/link only with its reconciled historical observation; do not rename.","observation tree year=2026; folder=2026-07-18-7616b09d-9e28-46f7-85cf-e4f4c29deb2c; DUP-029 (2 byte-identical files; sha256 a10dc5867f5b)",""
"CDL-0230","media_asset","images/observations/2026/2026-07-18-9374b309-68c5-4729-a702-81b2309d8038/garden-43c79bbc-88de-4eac-bcf7-b1379f610725-2.jpg","RESTORE","RESTORE","repository media library; candidates=2026-07-18-9374b309-68c5-4729-a702-81b2309d8038","POL-02","policy approval pending","yes","yes","yes","Retain in place and restore/link only with its reconciled historical observation; do not rename.","observation tree year=2026; folder=2026-07-18-9374b309-68c5-4729-a702-81b2309d8038; unique-by-sha256",""
"CDL-0231","media_asset","images/observations/2026/2026-07-18-9374b309-68c5-4729-a702-81b2309d8038/garden-86d43e79-bd0c-464b-895d-21b23904e94a-3.jpg","RESTORE","RESTORE","repository media library; candidates=2026-07-18-9374b309-68c5-4729-a702-81b2309d8038","POL-02","policy approval pending","yes","yes","yes","Retain in place and restore/link only with its reconciled historical observation; do not rename.","observation tree year=2026; folder=2026-07-18-9374b309-68c5-4729-a702-81b2309d8038; unique-by-sha256",""
"CDL-0232","media_asset","images/observations/2026/2026-07-18-9374b309-68c5-4729-a702-81b2309d8038/garden-efa89670-abf5-4f6a-a97b-6b50e83e3a73-1.jpg","RESTORE","RESTORE","repository media library; candidates=2026-07-18-9374b309-68c5-4729-a702-81b2309d8038","POL-02","policy approval pending","yes","yes","yes","Retain in place and restore/link only with its reconciled historical observation; do not rename.","observation tree year=2026; folder=2026-07-18-9374b309-68c5-4729-a702-81b2309d8038; unique-by-sha256",""
"CDL-0233","media_asset","images/observations/2026/2026-07-18-ba83f3eb-aa68-4f4e-931b-2243be1f8cf2/garden-055736c2-aedc-445b-a9cb-10ccb108013e-1.jpg","RESTORE","RESTORE","repository media library; candidates=2026-07-18-ba83f3eb-aa68-4f4e-931b-2243be1f8cf2","POL-02","policy approval pending","yes","yes","yes","Retain in place and restore/link only with its reconciled historical observation; do not rename.","observation tree year=2026; folder=2026-07-18-ba83f3eb-aa68-4f4e-931b-2243be1f8cf2; unique-by-sha256",""
"CDL-0234","media_asset","images/observations/2026/2026-07-18-ce732b0c-f86d-4ffb-a1f8-20de09984b50/garden-4a9bf440-dd5a-4b38-9a2e-93edc0263fc5-4.jpg","RESTORE","RESTORE","repository media library; candidates=2026-07-18-ce732b0c-f86d-4ffb-a1f8-20de09984b50","POL-02","policy approval pending","yes","yes","yes","Retain in place and restore/link only with its reconciled historical observation; do not rename.","observation tree year=2026; folder=2026-07-18-ce732b0c-f86d-4ffb-a1f8-20de09984b50; unique-by-sha256",""
"CDL-0235","media_asset","images/observations/2026/2026-07-18-ce732b0c-f86d-4ffb-a1f8-20de09984b50/garden-786d6c24-e55b-42f2-b105-26efbe74d092-2.jpg","RESTORE","RESTORE","repository media library; candidates=2026-07-18-ce732b0c-f86d-4ffb-a1f8-20de09984b50","POL-02","policy approval pending","yes","yes","yes","Retain in place and restore/link only with its reconciled historical observation; do not rename.","observation tree year=2026; folder=2026-07-18-ce732b0c-f86d-4ffb-a1f8-20de09984b50; unique-by-sha256",""
"CDL-0236","media_asset","images/observations/2026/2026-07-18-ce732b0c-f86d-4ffb-a1f8-20de09984b50/garden-ba86b43a-5d30-40a6-8c6f-a9717f6a2a9f-3.jpg","RESTORE","RESTORE","repository media library; candidates=2026-07-18-ce732b0c-f86d-4ffb-a1f8-20de09984b50","POL-02","policy approval pending","yes","yes","yes","Retain in place and restore/link only with its reconciled historical observation; do not rename.","observation tree year=2026; folder=2026-07-18-ce732b0c-f86d-4ffb-a1f8-20de09984b50; unique-by-sha256",""
"CDL-0237","media_asset","images/observations/2026/2026-07-18-ce732b0c-f86d-4ffb-a1f8-20de09984b50/garden-ea94d7b8-da2f-4c61-81e1-8bb4d1fdc067-1.jpg","RESTORE","RESTORE","repository media library; candidates=2026-07-18-ce732b0c-f86d-4ffb-a1f8-20de09984b50","POL-02","policy approval pending","yes","yes","yes","Retain in place and restore/link only with its reconciled historical observation; do not rename.","observation tree year=2026; folder=2026-07-18-ce732b0c-f86d-4ffb-a1f8-20de09984b50; unique-by-sha256",""
"CDL-0238","media_asset","images/observations/2026/2026-07-18-d5835b2f-070f-4f03-916a-9108fc4d5bdb/garden-8399233b-c646-4f08-8104-3b005559d56f-1.jpg","RESTORE","RESTORE","repository media library; candidates=2026-07-18-d5835b2f-070f-4f03-916a-9108fc4d5bdb","POL-02","policy approval pending","yes","yes","yes","Retain in place and restore/link only with its reconciled historical observation; do not rename.","observation tree year=2026; folder=2026-07-18-d5835b2f-070f-4f03-916a-9108fc4d5bdb; unique-by-sha256",""
"CDL-0239","media_asset","images/observations/2026/2026-07-18-db065ce5-2e37-4ed2-91b2-e7c859b4a344/garden-0dbdca35-252d-42cb-812b-0f14e0072db4-1.jpg","RESTORE","RESTORE","repository media library; candidates=2026-07-18-db065ce5-2e37-4ed2-91b2-e7c859b4a344","POL-02","policy approval pending","yes","yes","yes","Retain in place and restore/link only with its reconciled historical observation; do not rename.","observation tree year=2026; folder=2026-07-18-db065ce5-2e37-4ed2-91b2-e7c859b4a344; unique-by-sha256",""
"CDL-0240","media_asset","images/observations/2026/2026-07-19-088c03bb-8d21-4d7d-8421-aea34746281f/garden-289ac0c1-14f2-4e29-87fc-5723f6a04453-1.jpg","KEEP","KEEP","repository media library; candidates=2026-07-19-088c03bb-8d21-4d7d-8421-aea34746281f","existing media integrity rule","no destructive action proposed","yes","yes","yes","Retain in place; validate path and observation linkage.","observation tree year=2026; folder=2026-07-19-088c03bb-8d21-4d7d-8421-aea34746281f; DUP-025 (3 byte-identical files; sha256 80261684a4c4)",""
"CDL-0241","media_asset","images/observations/2026/2026-07-19-088c03bb-8d21-4d7d-8421-aea34746281f/garden-43ef4daa-29fb-407b-a7a8-65a12578dd30-2.jpg","KEEP","KEEP","repository media library; candidates=2026-07-19-088c03bb-8d21-4d7d-8421-aea34746281f","existing media integrity rule","no destructive action proposed","yes","yes","yes","Retain in place; validate path and observation linkage.","observation tree year=2026; folder=2026-07-19-088c03bb-8d21-4d7d-8421-aea34746281f; DUP-024 (2 byte-identical files; sha256 09e8e976c966)",""
"CDL-0242","media_asset","images/observations/2026/2026-07-19-088c03bb-8d21-4d7d-8421-aea34746281f/garden-57d8f292-0003-43be-8538-a0ffd5477d4d-4.jpg","KEEP","KEEP","repository media library; candidates=2026-07-19-088c03bb-8d21-4d7d-8421-aea34746281f","existing media integrity rule","no destructive action proposed","yes","yes","yes","Retain in place; validate path and observation linkage.","observation tree year=2026; folder=2026-07-19-088c03bb-8d21-4d7d-8421-aea34746281f; DUP-023 (2 byte-identical files; sha256 cae8ca133625)",""
"CDL-0243","media_asset","images/observations/2026/2026-07-19-088c03bb-8d21-4d7d-8421-aea34746281f/garden-590df886-7e26-4e19-8a14-b86ded976781-3.jpg","KEEP","KEEP","repository media library; candidates=2026-07-19-088c03bb-8d21-4d7d-8421-aea34746281f","existing media integrity rule","no destructive action proposed","yes","yes","yes","Retain in place; validate path and observation linkage.","observation tree year=2026; folder=2026-07-19-088c03bb-8d21-4d7d-8421-aea34746281f; DUP-026 (2 byte-identical files; sha256 05a6f3f0e28e)",""
"CDL-0244","media_asset","images/observations/2026/2026-07-19-088c03bb-8d21-4d7d-8421-aea34746281f/garden-74711e32-ecbc-4291-8c99-861906d3aef7-6.jpg","KEEP","KEEP","repository media library; candidates=2026-07-19-088c03bb-8d21-4d7d-8421-aea34746281f","existing media integrity rule","no destructive action proposed","yes","yes","yes","Retain in place; validate path and observation linkage.","observation tree year=2026; folder=2026-07-19-088c03bb-8d21-4d7d-8421-aea34746281f; DUP-028 (2 byte-identical files; sha256 ceb6361753db)",""
"CDL-0245","media_asset","images/observations/2026/2026-07-19-088c03bb-8d21-4d7d-8421-aea34746281f/garden-f1a8ee1e-d963-4d34-af82-41fe970656d6-5.jpg","KEEP","KEEP","repository media library; candidates=2026-07-19-088c03bb-8d21-4d7d-8421-aea34746281f","existing media integrity rule","no destructive action proposed","yes","yes","yes","Retain in place; validate path and observation linkage.","observation tree year=2026; folder=2026-07-19-088c03bb-8d21-4d7d-8421-aea34746281f; DUP-027 (2 byte-identical files; sha256 9643043b8bbb)",""
"CDL-0246","media_asset","images/observations/2026/2026-07-19-363e08d7-ad24-4d25-a74f-c409ff84c813/garden-ff4ff8b5-8f72-4b3c-b353-6491a29f1e09-1.jpg","RESTORE","RESTORE","repository media library; candidates=2026-07-19-363e08d7-ad24-4d25-a74f-c409ff84c813","POL-02","policy approval pending","yes","yes","yes","Retain in place and restore/link only with its reconciled historical observation; do not rename.","observation tree year=2026; folder=2026-07-19-363e08d7-ad24-4d25-a74f-c409ff84c813; DUP-030 (2 byte-identical files; sha256 d6d9e7da614a)",""
"CDL-0247","media_asset","images/observations/2026/2026-07-19-dc4cd81a-e75d-42e7-9a2d-c573d043d7be/garden-d0705172-e196-4cc1-9fd3-72974fd9d909-1.jpg","KEEP","KEEP","repository media library; candidates=2026-07-19-dc4cd81a-e75d-42e7-9a2d-c573d043d7be","existing media integrity rule","no destructive action proposed","yes","yes","yes","Retain in place; validate path and observation linkage.","observation tree year=2026; folder=2026-07-19-dc4cd81a-e75d-42e7-9a2d-c573d043d7be; DUP-031 (2 byte-identical files; sha256 7b226be73085)",""
"CDL-0248","media_asset","images/observations/2026/2026-07-19-dc4cd81a-e75d-42e7-9a2d-c573d043d7be/garden-fbb1807c-75a6-499c-b4b4-878ba1aaed94-2.jpg","KEEP","KEEP","repository media library; candidates=2026-07-19-dc4cd81a-e75d-42e7-9a2d-c573d043d7be","existing media integrity rule","no destructive action proposed","yes","yes","yes","Retain in place; validate path and observation linkage.","observation tree year=2026; folder=2026-07-19-dc4cd81a-e75d-42e7-9a2d-c573d043d7be; unique-by-sha256",""
"CDL-0249","media_asset","images/observations/2026/2026-07-19-f5551322-1c76-4182-84b7-1a346f943025/garden-468ac5c9-6468-47d4-803f-a688476b1d29-7.jpg","KEEP","KEEP","repository media library; candidates=2026-07-19-f5551322-1c76-4182-84b7-1a346f943025","existing media integrity rule","no destructive action proposed","yes","yes","yes","Retain in place; validate path and observation linkage.","observation tree year=2026; folder=2026-07-19-f5551322-1c76-4182-84b7-1a346f943025; unique-by-sha256",""
"CDL-0250","media_asset","images/observations/2026/2026-07-19-f5551322-1c76-4182-84b7-1a346f943025/garden-8038b152-85c2-4b00-8486-e5d9246381f7-4.jpg","KEEP","KEEP","repository media library; candidates=2026-07-19-f5551322-1c76-4182-84b7-1a346f943025","existing media integrity rule","no destructive action proposed","yes","yes","yes","Retain in place; validate path and observation linkage.","observation tree year=2026; folder=2026-07-19-f5551322-1c76-4182-84b7-1a346f943025; unique-by-sha256",""
"CDL-0251","media_asset","images/observations/2026/2026-07-19-f5551322-1c76-4182-84b7-1a346f943025/garden-9fcccdea-6c94-409a-bb18-86518abd1290-5.jpg","KEEP","KEEP","repository media library; candidates=2026-07-19-f5551322-1c76-4182-84b7-1a346f943025","existing media integrity rule","no destructive action proposed","yes","yes","yes","Retain in place; validate path and observation linkage.","observation tree year=2026; folder=2026-07-19-f5551322-1c76-4182-84b7-1a346f943025; unique-by-sha256",""
"CDL-0252","media_asset","images/observations/2026/2026-07-19-f5551322-1c76-4182-84b7-1a346f943025/garden-b093dfc3-a8c3-40da-bb40-a162b37a2252-1.jpg","KEEP","KEEP","repository media library; candidates=2026-07-19-f5551322-1c76-4182-84b7-1a346f943025","existing media integrity rule","no destructive action proposed","yes","yes","yes","Retain in place; validate path and observation linkage.","observation tree year=2026; folder=2026-07-19-f5551322-1c76-4182-84b7-1a346f943025; DUP-032 (2 byte-identical files; sha256 1d12ee0bd1ca)",""
"CDL-0253","media_asset","images/observations/2026/2026-07-19-f5551322-1c76-4182-84b7-1a346f943025/garden-e4a73572-9f0a-4e12-9b7f-741aa04ae98e-6.jpg","KEEP","KEEP","repository media library; candidates=2026-07-19-f5551322-1c76-4182-84b7-1a346f943025","existing media integrity rule","no destructive action proposed","yes","yes","yes","Retain in place; validate path and observation linkage.","observation tree year=2026; folder=2026-07-19-f5551322-1c76-4182-84b7-1a346f943025; unique-by-sha256",""
"CDL-0254","media_asset","images/observations/2026/2026-07-19-f5551322-1c76-4182-84b7-1a346f943025/garden-e8dd37bb-a367-47f9-9b12-6bf6ea79d9ff-3.jpg","KEEP","KEEP","repository media library; candidates=2026-07-19-f5551322-1c76-4182-84b7-1a346f943025","existing media integrity rule","no destructive action proposed","yes","yes","yes","Retain in place; validate path and observation linkage.","observation tree year=2026; folder=2026-07-19-f5551322-1c76-4182-84b7-1a346f943025; unique-by-sha256",""
"CDL-0255","media_asset","images/observations/2026/2026-07-19-f5551322-1c76-4182-84b7-1a346f943025/garden-eb1482dc-ceb9-4a59-bef5-91e1b68da883-2.jpg","KEEP","KEEP","repository media library; candidates=2026-07-19-f5551322-1c76-4182-84b7-1a346f943025","existing media integrity rule","no destructive action proposed","yes","yes","yes","Retain in place; validate path and observation linkage.","observation tree year=2026; folder=2026-07-19-f5551322-1c76-4182-84b7-1a346f943025; unique-by-sha256",""
"CDL-0256","media_asset","images/observations/2026/2026-07-19-ff30eb41-7e12-4171-9ed6-fabe04c8dde5/garden-c588a913-3533-45c8-889e-86a7a565c89e-1.jpg","KEEP","KEEP","repository media library; candidates=2026-07-19-ff30eb41-7e12-4171-9ed6-fabe04c8dde5","existing media integrity rule","no destructive action proposed","yes","yes","yes","Retain in place; validate path and observation linkage.","observation tree year=2026; folder=2026-07-19-ff30eb41-7e12-4171-9ed6-fabe04c8dde5; DUP-030 (2 byte-identical files; sha256 d6d9e7da614a)",""
"CDL-0257","media_asset","images/observations/2026/2026-07-21-92011266-0d78-4c03-8986-7ed9e090e4b4/garden-030f38a9-2cd3-4bc5-826f-5a136551235a-2.jpg","QUARANTINE","QUARANTINE","historical reference; candidates=2026-07-21-92011266-0d78-4c03-8986-7ed9e090e4b4","POL-05","policy approval pending","no","yes","yes","Do not write a record using this path; locate the missing asset or document an approved unavailable-media state.","observation tree year=2026; folder=2026-07-21-92011266-0d78-4c03-8986-7ed9e090e4b4; unique-by-sha256","Recover original or approve unavailable-media state."
"CDL-0258","media_asset","images/observations/2026/2026-07-21-92011266-0d78-4c03-8986-7ed9e090e4b4/garden-34dd2e94-42ea-4149-837d-7e6d5f7da2cf-7.jpg","QUARANTINE","QUARANTINE","historical reference; candidates=2026-07-21-92011266-0d78-4c03-8986-7ed9e090e4b4","POL-05","policy approval pending","no","yes","yes","Do not write a record using this path; locate the missing asset or document an approved unavailable-media state.","observation tree year=2026; folder=2026-07-21-92011266-0d78-4c03-8986-7ed9e090e4b4; unique-by-sha256","Recover original or approve unavailable-media state."
"CDL-0259","media_asset","images/observations/2026/2026-07-21-92011266-0d78-4c03-8986-7ed9e090e4b4/garden-7177b3e8-319a-4f8d-83b3-30574a66182b-4.jpg","QUARANTINE","QUARANTINE","historical reference; candidates=2026-07-21-92011266-0d78-4c03-8986-7ed9e090e4b4","POL-05","policy approval pending","no","yes","yes","Do not write a record using this path; locate the missing asset or document an approved unavailable-media state.","observation tree year=2026; folder=2026-07-21-92011266-0d78-4c03-8986-7ed9e090e4b4; unique-by-sha256","Recover original or approve unavailable-media state."
"CDL-0260","media_asset","images/observations/2026/2026-07-21-92011266-0d78-4c03-8986-7ed9e090e4b4/garden-8b22976d-7879-4f9b-94b9-996aa7a2d549-5.jpg","QUARANTINE","QUARANTINE","historical reference; candidates=2026-07-21-92011266-0d78-4c03-8986-7ed9e090e4b4","POL-05","policy approval pending","no","yes","yes","Do not write a record using this path; locate the missing asset or document an approved unavailable-media state.","observation tree year=2026; folder=2026-07-21-92011266-0d78-4c03-8986-7ed9e090e4b4; unique-by-sha256","Recover original or approve unavailable-media state."
"CDL-0261","media_asset","images/observations/2026/2026-07-21-92011266-0d78-4c03-8986-7ed9e090e4b4/garden-96b77f38-ab4b-4ba9-9190-622b7fe950f2-1.jpg","QUARANTINE","QUARANTINE","historical reference; candidates=2026-07-21-92011266-0d78-4c03-8986-7ed9e090e4b4","POL-05","policy approval pending","no","yes","yes","Do not write a record using this path; locate the missing asset or document an approved unavailable-media state.","observation tree year=2026; folder=2026-07-21-92011266-0d78-4c03-8986-7ed9e090e4b4; unique-by-sha256","Recover original or approve unavailable-media state."
"CDL-0262","media_asset","images/observations/2026/2026-07-21-92011266-0d78-4c03-8986-7ed9e090e4b4/garden-aa9c629a-3220-4b8c-8277-6543c3653a2b-3.jpg","QUARANTINE","QUARANTINE","historical reference; candidates=2026-07-21-92011266-0d78-4c03-8986-7ed9e090e4b4","POL-05","policy approval pending","no","yes","yes","Do not write a record using this path; locate the missing asset or document an approved unavailable-media state.","observation tree year=2026; folder=2026-07-21-92011266-0d78-4c03-8986-7ed9e090e4b4; unique-by-sha256","Recover original or approve unavailable-media state."
"CDL-0263","media_asset","images/observations/2026/2026-07-21-92011266-0d78-4c03-8986-7ed9e090e4b4/garden-f2bf660f-8bcf-4b8e-aa07-4d53382f75c7-6.jpg","QUARANTINE","QUARANTINE","historical reference; candidates=2026-07-21-92011266-0d78-4c03-8986-7ed9e090e4b4","POL-05","policy approval pending","no","yes","yes","Do not write a record using this path; locate the missing asset or document an approved unavailable-media state.","observation tree year=2026; folder=2026-07-21-92011266-0d78-4c03-8986-7ed9e090e4b4; unique-by-sha256","Recover original or approve unavailable-media state."
"CDL-0264","media_asset","images/observations/2026/2026-07-21-de8aefa5-743d-49e0-b9fe-d08ed0bca074/garden-01a31ae1-49b4-41a3-9e27-7b8e1df78576-6.jpg","QUARANTINE","QUARANTINE","historical reference; candidates=2026-07-21-de8aefa5-743d-49e0-b9fe-d08ed0bca074","POL-05","policy approval pending","no","yes","yes","Do not write a record using this path; locate the missing asset or document an approved unavailable-media state.","observation tree year=2026; folder=2026-07-21-de8aefa5-743d-49e0-b9fe-d08ed0bca074; unique-by-sha256","Recover original or approve unavailable-media state."
"CDL-0265","media_asset","images/observations/2026/2026-07-21-de8aefa5-743d-49e0-b9fe-d08ed0bca074/garden-481a95eb-952c-415b-a9cc-b63d29f4a0f9-7.jpg","QUARANTINE","QUARANTINE","historical reference; candidates=2026-07-21-de8aefa5-743d-49e0-b9fe-d08ed0bca074","POL-05","policy approval pending","no","yes","yes","Do not write a record using this path; locate the missing asset or document an approved unavailable-media state.","observation tree year=2026; folder=2026-07-21-de8aefa5-743d-49e0-b9fe-d08ed0bca074; unique-by-sha256","Recover original or approve unavailable-media state."
"CDL-0266","media_asset","images/observations/2026/2026-07-21-de8aefa5-743d-49e0-b9fe-d08ed0bca074/garden-6bf464d5-e8ad-4106-b824-f748e05743ac-4.jpg","QUARANTINE","QUARANTINE","historical reference; candidates=2026-07-21-de8aefa5-743d-49e0-b9fe-d08ed0bca074","POL-05","policy approval pending","no","yes","yes","Do not write a record using this path; locate the missing asset or document an approved unavailable-media state.","observation tree year=2026; folder=2026-07-21-de8aefa5-743d-49e0-b9fe-d08ed0bca074; unique-by-sha256","Recover original or approve unavailable-media state."
"CDL-0267","media_asset","images/observations/2026/2026-07-21-de8aefa5-743d-49e0-b9fe-d08ed0bca074/garden-71490035-e770-43de-b78a-b122baaa68df-9.jpg","QUARANTINE","QUARANTINE","historical reference; candidates=2026-07-21-de8aefa5-743d-49e0-b9fe-d08ed0bca074","POL-05","policy approval pending","no","yes","yes","Do not write a record using this path; locate the missing asset or document an approved unavailable-media state.","observation tree year=2026; folder=2026-07-21-de8aefa5-743d-49e0-b9fe-d08ed0bca074; unique-by-sha256","Recover original or approve unavailable-media state."
"CDL-0268","media_asset","images/observations/2026/2026-07-21-de8aefa5-743d-49e0-b9fe-d08ed0bca074/garden-bb2d2a92-503b-4fff-927e-e1ef2b4561aa-1.jpg","QUARANTINE","QUARANTINE","historical reference; candidates=2026-07-21-de8aefa5-743d-49e0-b9fe-d08ed0bca074","POL-05","policy approval pending","no","yes","yes","Do not write a record using this path; locate the missing asset or document an approved unavailable-media state.","observation tree year=2026; folder=2026-07-21-de8aefa5-743d-49e0-b9fe-d08ed0bca074; unique-by-sha256","Recover original or approve unavailable-media state."
"CDL-0269","media_asset","images/observations/2026/2026-07-21-de8aefa5-743d-49e0-b9fe-d08ed0bca074/garden-befa0525-a58f-48ba-8b68-29611888254a-5.jpg","QUARANTINE","QUARANTINE","historical reference; candidates=2026-07-21-de8aefa5-743d-49e0-b9fe-d08ed0bca074","POL-05","policy approval pending","no","yes","yes","Do not write a record using this path; locate the missing asset or document an approved unavailable-media state.","observation tree year=2026; folder=2026-07-21-de8aefa5-743d-49e0-b9fe-d08ed0bca074; unique-by-sha256","Recover original or approve unavailable-media state."
"CDL-0270","media_asset","images/observations/2026/2026-07-21-de8aefa5-743d-49e0-b9fe-d08ed0bca074/garden-c0e70664-add5-4c97-ac8d-fbf5a4216701-3.jpg","QUARANTINE","QUARANTINE","historical reference; candidates=2026-07-21-de8aefa5-743d-49e0-b9fe-d08ed0bca074","POL-05","policy approval pending","no","yes","yes","Do not write a record using this path; locate the missing asset or document an approved unavailable-media state.","observation tree year=2026; folder=2026-07-21-de8aefa5-743d-49e0-b9fe-d08ed0bca074; unique-by-sha256","Recover original or approve unavailable-media state."
"CDL-0271","media_asset","images/observations/2026/2026-07-21-de8aefa5-743d-49e0-b9fe-d08ed0bca074/garden-d3356a09-0d2f-4205-ba71-713788f1cc2c-8.jpg","QUARANTINE","QUARANTINE","historical reference; candidates=2026-07-21-de8aefa5-743d-49e0-b9fe-d08ed0bca074","POL-05","policy approval pending","no","yes","yes","Do not write a record using this path; locate the missing asset or document an approved unavailable-media state.","observation tree year=2026; folder=2026-07-21-de8aefa5-743d-49e0-b9fe-d08ed0bca074; unique-by-sha256","Recover original or approve unavailable-media state."
"CDL-0272","media_asset","images/observations/2026/2026-07-21-de8aefa5-743d-49e0-b9fe-d08ed0bca074/garden-d9994408-98e9-47b7-8972-8190b2547863-10.jpg","QUARANTINE","QUARANTINE","historical reference; candidates=2026-07-21-de8aefa5-743d-49e0-b9fe-d08ed0bca074","POL-05","policy approval pending","no","yes","yes","Do not write a record using this path; locate the missing asset or document an approved unavailable-media state.","observation tree year=2026; folder=2026-07-21-de8aefa5-743d-49e0-b9fe-d08ed0bca074; unique-by-sha256","Recover original or approve unavailable-media state."
"CDL-0273","media_asset","images/observations/2026/2026-07-21-de8aefa5-743d-49e0-b9fe-d08ed0bca074/garden-fad364a6-b156-48db-b89a-2165c032f827-2.jpg","QUARANTINE","QUARANTINE","historical reference; candidates=2026-07-21-de8aefa5-743d-49e0-b9fe-d08ed0bca074","POL-05","policy approval pending","no","yes","yes","Do not write a record using this path; locate the missing asset or document an approved unavailable-media state.","observation tree year=2026; folder=2026-07-21-de8aefa5-743d-49e0-b9fe-d08ed0bca074; unique-by-sha256","Recover original or approve unavailable-media state."
"CDL-0274","media_asset","images/plants/10/hero.jpg","HUMAN_DECISION_REQUIRED","DEFER","repository media library; candidates=","POL-04","policy approval pending","no","yes","yes","Classify as unlinked evidence; preserve in place and investigate folder/date/EXIF context. Do not delete.","repository path=images/plants/10/hero.jpg; DUP-029 (2 byte-identical files; sha256 a10dc5867f5b)","Linkage remains deferred."
"CDL-0275","media_asset","images/plants/11/hero.jpg","HUMAN_DECISION_REQUIRED","DEFER","repository media library; candidates=","POL-04","policy approval pending","no","yes","yes","Classify as unlinked evidence; preserve in place and investigate folder/date/EXIF context. Do not delete.","repository path=images/plants/11/hero.jpg; DUP-011 (2 byte-identical files; sha256 4b3170fdcbb0)","Linkage remains deferred."
"CDL-0276","media_asset","images/plants/15/hero.jpg","HUMAN_DECISION_REQUIRED","DEFER","repository media library; candidates=","POL-04","policy approval pending","no","yes","yes","Classify as unlinked evidence; preserve in place and investigate folder/date/EXIF context. Do not delete.","repository path=images/plants/15/hero.jpg; DUP-017 (2 byte-identical files; sha256 6d5d971f4c8c)","Linkage remains deferred."
"CDL-0277","media_asset","images/plants/19/hero.jpg","HUMAN_DECISION_REQUIRED","DEFER","repository media library; candidates=","POL-04","policy approval pending","no","yes","yes","Classify as unlinked evidence; preserve in place and investigate folder/date/EXIF context. Do not delete.","repository path=images/plants/19/hero.jpg; DUP-012 (2 byte-identical files; sha256 5817a2974082)","Linkage remains deferred."
"CDL-0278","media_asset","images/plants/2/hero.jpg","HUMAN_DECISION_REQUIRED","DEFER","repository media library; candidates=","POL-04","policy approval pending","no","yes","yes","Classify as unlinked evidence; preserve in place and investigate folder/date/EXIF context. Do not delete.","repository path=images/plants/2/hero.jpg; DUP-009 (2 byte-identical files; sha256 1b20ea04b7a7)","Linkage remains deferred."
"CDL-0279","media_asset","images/plants/21/hero.jpg","HUMAN_DECISION_REQUIRED","DEFER","repository media library; candidates=","POL-04","policy approval pending","no","yes","yes","Classify as unlinked evidence; preserve in place and investigate folder/date/EXIF context. Do not delete.","repository path=images/plants/21/hero.jpg; DUP-004 (2 byte-identical files; sha256 1f72bc90f401)","Linkage remains deferred."
"CDL-0280","media_asset","images/plants/23/hero.jpg","HUMAN_DECISION_REQUIRED","DEFER","repository media library; candidates=","POL-04","policy approval pending","no","yes","yes","Classify as unlinked evidence; preserve in place and investigate folder/date/EXIF context. Do not delete.","repository path=images/plants/23/hero.jpg; DUP-008 (2 byte-identical files; sha256 849fda7c849f)","Linkage remains deferred."
"CDL-0281","media_asset","images/plants/25/hero.jpg","HUMAN_DECISION_REQUIRED","DEFER","repository media library; candidates=","POL-04","policy approval pending","no","yes","yes","Classify as unlinked evidence; preserve in place and investigate folder/date/EXIF context. Do not delete.","repository path=images/plants/25/hero.jpg; DUP-006 (2 byte-identical files; sha256 028ae168fc22)","Linkage remains deferred."
"CDL-0282","media_asset","images/plants/27/hero.jpg","HUMAN_DECISION_REQUIRED","DEFER","repository media library; candidates=","POL-04","policy approval pending","no","yes","yes","Classify as unlinked evidence; preserve in place and investigate folder/date/EXIF context. Do not delete.","repository path=images/plants/27/hero.jpg; DUP-016 (5 byte-identical files; sha256 e3a760675312)","Linkage remains deferred."
"CDL-0283","media_asset","images/plants/28/hero.jpg","HUMAN_DECISION_REQUIRED","DEFER","repository media library; candidates=","POL-04","policy approval pending","no","yes","yes","Classify as unlinked evidence; preserve in place and investigate folder/date/EXIF context. Do not delete.","repository path=images/plants/28/hero.jpg; DUP-018 (2 byte-identical files; sha256 530fe43994e7)","Linkage remains deferred."
"CDL-0284","media_asset","images/plants/30/hero.jpg","HUMAN_DECISION_REQUIRED","DEFER","repository media library; candidates=","POL-04","policy approval pending","no","yes","yes","Classify as unlinked evidence; preserve in place and investigate folder/date/EXIF context. Do not delete.","repository path=images/plants/30/hero.jpg; DUP-031 (2 byte-identical files; sha256 7b226be73085)","Linkage remains deferred."
"CDL-0285","media_asset","images/plants/33/hero.jpg","HUMAN_DECISION_REQUIRED","DEFER","repository media library; candidates=","POL-04","policy approval pending","no","yes","yes","Classify as unlinked evidence; preserve in place and investigate folder/date/EXIF context. Do not delete.","repository path=images/plants/33/hero.jpg; DUP-005 (2 byte-identical files; sha256 3a1502e9250e)","Linkage remains deferred."
"CDL-0286","media_asset","images/plants/37/hero.jpg","HUMAN_DECISION_REQUIRED","DEFER","repository media library; candidates=","POL-04","policy approval pending","no","yes","yes","Classify as unlinked evidence; preserve in place and investigate folder/date/EXIF context. Do not delete.","repository path=images/plants/37/hero.jpg; DUP-007 (2 byte-identical files; sha256 c543eefad443)","Linkage remains deferred."
"CDL-0287","media_asset","images/plants/38/hero.jpg","HUMAN_DECISION_REQUIRED","DEFER","repository media library; candidates=","POL-04","policy approval pending","no","yes","yes","Classify as unlinked evidence; preserve in place and investigate folder/date/EXIF context. Do not delete.","repository path=images/plants/38/hero.jpg; DUP-014 (2 byte-identical files; sha256 a0130607fca3)","Linkage remains deferred."
"CDL-0288","media_asset","images/plants/4/hero.jpg","HUMAN_DECISION_REQUIRED","DEFER","repository media library; candidates=","POL-04","policy approval pending","no","yes","yes","Classify as unlinked evidence; preserve in place and investigate folder/date/EXIF context. Do not delete.","repository path=images/plants/4/hero.jpg; DUP-003 (2 byte-identical files; sha256 12ac6e68b857)","Linkage remains deferred."
"CDL-0289","media_asset","images/plants/41/hero.jpg","HUMAN_DECISION_REQUIRED","DEFER","repository media library; candidates=","POL-04","policy approval pending","no","yes","yes","Classify as unlinked evidence; preserve in place and investigate folder/date/EXIF context. Do not delete.","repository path=images/plants/41/hero.jpg; DUP-013 (2 byte-identical files; sha256 8f009b505540)","Linkage remains deferred."
"CDL-0290","media_asset","images/plants/49/hero.jpg","HUMAN_DECISION_REQUIRED","DEFER","repository media library; candidates=","POL-04","policy approval pending","no","yes","yes","Classify as unlinked evidence; preserve in place and investigate folder/date/EXIF context. Do not delete.","repository path=images/plants/49/hero.jpg; DUP-010 (2 byte-identical files; sha256 649bead96f2b)","Linkage remains deferred."
"CDL-0291","media_asset","images/plants/8/hero.jpg","HUMAN_DECISION_REQUIRED","DEFER","repository media library; candidates=","POL-04","policy approval pending","no","yes","yes","Classify as unlinked evidence; preserve in place and investigate folder/date/EXIF context. Do not delete.","repository path=images/plants/8/hero.jpg; DUP-025 (3 byte-identical files; sha256 80261684a4c4)","Linkage remains deferred."
"CDL-0292","media_asset","images/plants/9/hero.jpg","HUMAN_DECISION_REQUIRED","DEFER","repository media library; candidates=","POL-04","policy approval pending","no","yes","yes","Classify as unlinked evidence; preserve in place and investigate folder/date/EXIF context. Do not delete.","repository path=images/plants/9/hero.jpg; DUP-019 (2 byte-identical files; sha256 6e7b223c0388)","Linkage remains deferred."
"CDL-0293","media_asset","images/wildlife/unknown-pending/hero.jpg","HUMAN_DECISION_REQUIRED","DEFER","repository media library; candidates=","POL-04","policy approval pending","no","yes","yes","Classify as unlinked evidence; preserve in place and investigate folder/date/EXIF context. Do not delete.","repository path=images/wildlife/unknown-pending/hero.jpg; DUP-032 (2 byte-identical files; sha256 1d12ee0bd1ca)","Linkage remains deferred."
